id,class
1,801
2,301
3,201
4,101
5,501
6,201
7,501
8,1001
9,701
10,1001
11,101
12,701
13,1001
14,101
15,201
16,601
17,1001
18,801
19,401
20,501
21,1001
22,701
23,701
24,601
25,501
26,101
27,801
28,501
29,101
30,201
31,401
32,201
33,401
34,701
35,801
36,301
37,801
38,201
39,301
40,201
41,201
42,801
43,501
44,301
45,401
46,601
47,201
48,301
49,501
50,501
51,701
52,401
53,601
54,601
55,701
56,101
57,501
58,201
59,1001
60,601
61,801
62,901
63,501
64,301
65,801
66,501
67,801
68,501
69,401
70,101
71,801
72,101
73,301
74,801
75,201
76,801
77,401
78,301
79,1001
80,801
81,1001
82,701
83,301
84,801
85,901
86,501
87,801
88,401
89,701
90,201
91,401
92,701
93,1001
94,401
95,201
96,501
97,201
98,801
99,701
100,1001
101,701
102,101
103,601
104,501
105,1001
106,1001
107,301
108,201
109,1001
110,501
111,901
112,801
113,401
114,1001
115,801
116,501
117,501
118,501
119,1001
120,901
121,601
122,501
123,801
124,701
125,501
126,1001
127,301
128,601
129,901
130,601
131,701
132,701
133,601
134,801
135,901
136,201
137,101
138,201
139,701
140,501
141,701
142,801
143,401
144,201
145,801
146,201
147,901
148,301
149,101
150,1001
151,1001
152,1001
153,601
154,601
155,201
156,601
157,701
158,101
159,401
160,501
161,501
162,701
163,601
164,501
165,701
166,601
167,501
168,601
169,201
170,501
171,501
172,801
173,301
174,401
175,301
176,801
177,201
178,901
179,201
180,901
181,201
182,901
183,601
184,101
185,901
186,1001
187,301
188,601
189,101
190,201
191,201
192,201
193,101
194,401
195,101
196,601
197,201
198,701
199,501
200,301
201,401
202,701
203,201
204,201
205,201
206,401
207,1001
208,601
209,301
210,1001
211,501
212,801
213,1001
214,401
215,1001
216,101
217,401
218,601
219,601
220,601
221,801
222,301
223,301
224,801
225,201
226,301
227,901
228,501
229,201
230,801
231,401
232,401
233,901
234,901
235,801
236,1001
237,301
238,301
239,501
240,201
241,601
242,901
243,901
244,801
245,301
246,601
247,101
248,301
249,501
250,301
251,501
252,201
253,1001
254,601
255,801
256,801
257,301
258,901
259,301
260,101
261,901
262,601
263,801
264,801
265,1001
266,201
267,901
268,201
269,901
270,101
271,401
272,101
273,201
274,1001
275,1001
276,501
277,201
278,901
279,301
280,201
281,301
282,1001
283,801
284,601
285,1001
286,301
287,701
288,501
289,201
290,601
291,501
292,301
293,1001
294,301
295,101
296,501
297,101
298,101
299,301
300,901
301,701
302,801
303,201
304,301
305,501
306,601
307,301
308,1001
309,501
310,401
311,401
312,101
313,101
314,601
315,201
316,1001
317,701
318,601
319,401
320,601
321,801
322,801
323,1001
324,401
325,101
326,501
327,301
328,101
329,801
330,201
331,201
332,301
333,201
334,601
335,401
336,401
337,1001
338,801
339,901
340,701
341,401
342,701
343,201
344,401
345,901
346,201
347,101
348,601
349,201
350,401
351,201
352,601
353,101
354,701
355,201
356,901
357,601
358,201
359,1001
360,1001
361,501
362,701
363,801
364,301
365,601
366,101
367,701
368,601
369,701
370,401
371,801
372,301
373,101
374,901
375,901
376,601
377,501
378,201
379,201
380,501
381,601
382,801
383,401
384,801
385,701
386,201
387,701
388,301
389,201
390,1001
391,301
392,901
393,701
394,201
395,1001
396,601
397,301
398,601
399,501
400,501
401,301
402,901
403,401
404,901
405,301
406,501
407,901
408,101
409,401
410,201
411,801
412,801
413,601
414,801
415,1001
416,801
417,201
418,1001
419,301
420,201
421,501
422,301
423,1001
424,301
425,101
426,501
427,1001
428,201
429,501
430,901
431,201
432,901
433,501
434,601
435,1001
436,801
437,901
438,401
439,801
440,701
441,101
442,101
443,401
444,101
445,901
446,101
447,701
448,501
449,901
450,401
451,401
452,401
453,301
454,401
455,1001
456,201
457,301
458,701
459,901
460,101
461,601
462,701
463,701
464,701
465,401
466,901
467,901
468,301
469,1001
470,601
471,901
472,1001
473,701
474,201
475,901
476,501
477,201
478,301
479,901
480,401
481,201
482,1001
483,801
484,101
485,501
486,101
487,901
488,1001
489,1001
490,201
491,101
492,601
493,301
494,401
495,801
496,401
497,1001
498,501
499,101
500,701
501,401
502,1001
503,401
504,301
505,201
506,401
507,201
508,601
509,701
510,601
511,801
512,901
513,301
514,301
515,701
516,401
517,301
518,701
519,601
520,501
521,901
522,1001
523,801
524,201
525,401
526,101
527,401
528,901
529,401
530,201
531,1001
532,701
533,501
534,501
535,701
536,501
537,301
538,201
539,901
540,301
541,601
542,501
543,301
544,401
545,501
546,101
547,101
548,301
549,401
550,301
551,801
552,201
553,901
554,901
555,801
556,501
557,501
558,801
559,1001
560,701
561,1001
562,101
563,1001
564,901
565,101
566,1001
567,701
568,101
569,701
570,601
571,601
572,501
573,901
574,401
575,401
576,1001
577,401
578,401
579,901
580,801
581,901
582,101
583,201
584,301
585,201
586,801
587,101
588,701
589,601
590,501
591,401
592,401
593,101
594,1001
595,701
596,401
597,901
598,101
599,1001
600,1001
601,701
602,901
603,701
604,901
605,601
606,1001
607,901
608,701
609,101
610,301
611,901
612,101
613,301
614,901
615,401
616,201
617,1001
618,801
619,601
620,901
621,101
622,901
623,501
624,701
625,901
626,701
627,801
628,501
629,1001
630,701
631,1001
632,901
633,301
634,301
635,1001
636,301
637,801
638,401
639,601
640,1001
641,201
642,901
643,101
644,301
645,101
646,601
647,301
648,201
649,401
650,801
651,701
652,801
653,201
654,301
655,601
656,901
657,101
658,401
659,801
660,901
661,501
662,101
663,1001
664,201
665,901
666,701
667,801
668,801
669,501
670,401
671,501
672,1001
673,201
674,1001
675,601
676,201
677,801
678,401
679,1001
680,801
681,701
682,1001
683,201
684,401
685,301
686,901
687,401
688,401
689,701
690,1001
691,301
692,501
693,601
694,901
695,601
696,201
697,201
698,501
699,501
700,401
701,201
702,101
703,801
704,801
705,101
706,801
707,1001
708,1001
709,501
710,901
711,601
712,601
713,501
714,101
715,901
716,301
717,201
718,701
719,901
720,501
721,301
722,101
723,501
724,101
725,701
726,201
727,801
728,401
729,901
730,701
731,801
732,301
733,701
734,1001
735,401
736,201
737,501
738,701
739,301
740,601
741,1001
742,901
743,101
744,701
745,301
746,201
747,801
748,401
749,501
750,201
751,101
752,601
753,501
754,401
755,201
756,201
757,801
758,501
759,1001
760,1001
761,1001
762,901
763,501
764,101
765,301
766,501
767,601
768,201
769,201
770,701
771,501
772,801
773,201
774,1001
775,501
776,301
777,501
778,201
779,601
780,601
781,401
782,901
783,401
784,201
785,501
786,601
787,701
788,901
789,1001
790,501
791,201
792,1001
793,401
794,901
795,101
796,401
797,301
798,601
799,201
800,301
801,601
802,401
803,501
804,501
805,101
806,901
807,901
808,401
809,401
810,201
811,801
812,401
813,601
814,1001
815,701
816,401
817,301
818,701
819,201
820,401
821,701
822,101
823,801
824,301
825,201
826,801
827,201
828,501
829,301
830,501
831,301
832,201
833,801
834,1001
835,701
836,201
837,201
838,301
839,501
840,401
841,201
842,801
843,801
844,501
845,801
846,101
847,801
848,401
849,201
850,401
851,201
852,101
853,801
854,801
855,101
856,401
857,601
858,401
859,301
860,801
861,701
862,701
863,1001
864,301
865,901
866,401
867,901
868,301
869,301
870,601
871,701
872,101
873,901
874,301
875,1001
876,301
877,901
878,301
879,901
880,901
881,801
882,1001
883,1001
884,401
885,101
886,701
887,701
888,401
889,301
890,201
891,401
892,301
893,301
894,1001
895,401
896,101
897,101
898,601
899,901
900,901
901,201
902,501
903,501
904,701
905,101
906,301
907,1001
908,201
909,501
910,801
911,501
912,801
913,401
914,1001
915,901
916,901
917,501
918,801
919,201
920,301
921,201
922,301
923,301
924,401
925,801
926,401
927,301
928,401
929,1001
930,201
931,801
932,501
933,101
934,401
935,601
936,601
937,901
938,701
939,601
940,901
941,701
942,801
943,701
944,701
945,401
946,301
947,801
948,901
949,201
950,201
951,301
952,601
953,701
954,501
955,1001
956,601
957,701
958,401
959,401
960,601
961,801
962,901
963,1001
964,201
965,201
966,101
967,1001
968,201
969,501
970,601
971,601
972,501
973,101
974,701
975,301
976,401
977,401
978,201
979,601
980,201
981,301
982,101
983,901
984,901
985,201
986,301
987,701
988,801
989,201
990,701
991,301
992,401
993,1001
994,101
995,201
996,301
997,301
998,101
999,901
1000,801
1001,801
1002,101
1003,301
1004,601
1005,201
1006,1001
1007,801
1008,901
1009,201
1010,101
1011,501
1012,201
1013,1001
1014,1001
1015,101
1016,501
1017,301
1018,701
1019,901
1020,201
1021,401
1022,801
1023,601
1024,501
1025,501
1026,201
1027,901
1028,201
1029,401
1030,901
1031,201
1032,301
1033,601
1034,901
1035,101
1036,701
1037,301
1038,201
1039,201
1040,1001
1041,201
1042,601
1043,401
1044,501
1045,901
1046,1001
1047,601
1048,101
1049,1001
1050,301
1051,301
1052,501
1053,901
1054,301
1055,201
1056,801
1057,301
1058,501
1059,1001
1060,501
1061,501
1062,101
1063,1001
1064,1001
1065,301
1066,301
1067,401
1068,401
1069,501
1070,401
1071,601
1072,801
1073,401
1074,601
1075,901
1076,201
1077,301
1078,501
1079,501
1080,701
1081,501
1082,1001
1083,601
1084,201
1085,101
1086,701
1087,1001
1088,601
1089,1001
1090,601
1091,1001
1092,801
1093,401
1094,901
1095,101
1096,401
1097,1001
1098,201
1099,401
1100,701
1101,801
1102,301
1103,601
1104,1001
1105,801
1106,1001
1107,701
1108,401
1109,701
1110,401
1111,801
1112,501
1113,701
1114,601
1115,901
1116,601
1117,501
1118,801
1119,901
1120,301
1121,901
1122,101
1123,801
1124,701
1125,901
1126,901
1127,801
1128,401
1129,401
1130,201
1131,1001
1132,601
1133,301
1134,801
1135,401
1136,601
1137,201
1138,201
1139,301
1140,201
1141,501
1142,801
1143,501
1144,801
1145,601
1146,501
1147,601
1148,501
1149,101
1150,901
1151,401
1152,701
1153,1001
1154,701
1155,101
1156,301
1157,801
1158,1001
1159,501
1160,501
1161,501
1162,701
1163,701
1164,501
1165,801
1166,1001
1167,401
1168,501
1169,601
1170,601
1171,901
1172,801
1173,401
1174,1001
1175,301
1176,801
1177,101
1178,301
1179,501
1180,201
1181,201
1182,201
1183,901
1184,1001
1185,301
1186,901
1187,801
1188,301
1189,101
1190,201
1191,601
1192,101
1193,501
1194,201
1195,1001
1196,101
1197,701
1198,101
1199,501
1200,701
1201,101
1202,201
1203,601
1204,101
1205,301
1206,401
1207,301
1208,301
1209,401
1210,701
1211,301
1212,201
1213,701
1214,201
1215,201
1216,401
1217,801
1218,801
1219,101
1220,901
1221,101
1222,601
1223,501
1224,101
1225,301
1226,901
1227,301
1228,301
1229,1001
1230,901
1231,501
1232,101
1233,501
1234,601
1235,601
1236,601
1237,201
1238,301
1239,201
1240,401
1241,201
1242,801
1243,1001
1244,601
1245,801
1246,301
1247,101
1248,101
1249,601
1250,901
1251,701
1252,301
1253,601
1254,701
1255,201
1256,1001
1257,901
1258,201
1259,601
1260,901
1261,201
1262,101
1263,301
1264,501
1265,501
1266,401
1267,701
1268,901
1269,901
1270,301
1271,501
1272,101
1273,601
1274,101
1275,501
1276,501
1277,801
1278,1001
1279,401
1280,501
1281,201
1282,601
1283,501
1284,301
1285,401
1286,601
1287,901
1288,901
1289,101
1290,401
1291,401
1292,401
1293,701
1294,701
1295,101
1296,201
1297,701
1298,101
1299,401
1300,801
1301,501
1302,501
1303,201
1304,301
1305,1001
1306,201
1307,501
1308,701
1309,1001
1310,1001
1311,801
1312,1001
1313,901
1314,501
1315,501
1316,401
1317,201
1318,401
1319,201
1320,401
1321,901
1322,801
1323,1001
1324,501
1325,901
1326,901
1327,301
1328,1001
1329,1001
1330,201
1331,501
1332,601
1333,701
1334,101
1335,601
1336,301
1337,301
1338,701
1339,201
1340,601
1341,601
1342,301
1343,501
1344,1001
1345,701
1346,301
1347,801
1348,1001
1349,301
1350,301
1351,201
1352,201
1353,301
1354,901
1355,401
1356,801
1357,301
1358,1001
1359,201
1360,801
1361,201
1362,801
1363,701
1364,801
1365,901
1366,301
1367,801
1368,401
1369,201
1370,801
1371,601
1372,901
1373,301
1374,701
1375,301
1376,901
1377,601
1378,701
1379,701
1380,101
1381,1001
1382,301
1383,501
1384,401
1385,401
1386,1001
1387,801
1388,701
1389,701
1390,901
1391,101
1392,501
1393,201
1394,401
1395,501
1396,301
1397,1001
1398,201
1399,901
1400,101
1401,701
1402,801
1403,401
1404,201
1405,101
1406,601
1407,601
1408,301
1409,101
1410,201
1411,701
1412,1001
1413,301
1414,1001
1415,1001
1416,901
1417,101
1418,1001
1419,1001
1420,501
1421,701
1422,601
1423,501
1424,1001
1425,201
1426,901
1427,401
1428,501
1429,1001
1430,1001
1431,201
1432,301
1433,301
1434,201
1435,201
1436,1001
1437,701
1438,501
1439,101
1440,1001
1441,1001
1442,901
1443,401
1444,901
1445,101
1446,101
1447,301
1448,601
1449,201
1450,1001
1451,701
1452,301
1453,1001
1454,501
1455,101
1456,1001
1457,701
1458,101
1459,701
1460,301
1461,601
1462,501
1463,301
1464,801
1465,901
1466,501
1467,401
1468,1001
1469,101
1470,401
1471,901
1472,601
1473,401
1474,601
1475,901
1476,701
1477,601
1478,801
1479,701
1480,401
1481,401
1482,1001
1483,701
1484,201
1485,201
1486,301
1487,1001
1488,101
1489,501
1490,401
1491,401
1492,701
1493,1001
1494,601
1495,101
1496,401
1497,801
1498,801
1499,801
1500,901
1501,201
1502,1001
1503,901
1504,401
1505,101
1506,801
1507,301
1508,801
1509,1001
1510,501
1511,601
1512,501
1513,1001
1514,401
1515,901
1516,201
1517,501
1518,101
1519,301
1520,401
1521,801
1522,601
1523,1001
1524,901
1525,901
1526,101
1527,101
1528,701
1529,201
1530,501
1531,801
1532,401
1533,1001
1534,101
1535,101
1536,101
1537,701
1538,701
1539,301
1540,401
1541,801
1542,901
1543,501
1544,801
1545,801
1546,1001
1547,301
1548,501
1549,201
1550,301
1551,601
1552,301
1553,501
1554,401
1555,1001
1556,201
1557,901
1558,501
1559,101
1560,401
1561,901
1562,501
1563,901
1564,801
1565,801
1566,101
1567,801
1568,901
1569,901
1570,501
1571,101
1572,501
1573,901
1574,901
1575,301
1576,501
1577,801
1578,701
1579,701
1580,701
1581,501
1582,1001
1583,201
1584,901
1585,901
1586,301
1587,401
1588,601
1589,401
1590,101
1591,101
1592,401
1593,801
1594,701
1595,1001
1596,801
1597,1001
1598,1001
1599,601
1600,501
1601,401
1602,401
1603,701
1604,201
1605,301
1606,401
1607,801
1608,401
1609,401
1610,701
1611,101
1612,401
1613,401
1614,901
1615,501
1616,401
1617,701
1618,401
1619,601
1620,101
1621,301
1622,701
1623,1001
1624,101
1625,801
1626,501
1627,701
1628,1001
1629,401
1630,601
1631,201
1632,1001
1633,701
1634,201
1635,801
1636,601
1637,501
1638,601
1639,101
1640,601
1641,801
1642,301
1643,301
1644,201
1645,301
1646,1001
1647,201
1648,1001
1649,1001
1650,501
1651,101
1652,901
1653,501
1654,601
1655,301
1656,1001
1657,301
1658,201
1659,301
1660,201
1661,801
1662,401
1663,701
1664,901
1665,901
1666,501
1667,1001
1668,201
1669,1001
1670,901
1671,601
1672,401
1673,601
1674,201
1675,201
1676,901
1677,701
1678,601
1679,301
1680,501
1681,501
1682,801
1683,301
1684,401
1685,601
1686,701
1687,901
1688,901
1689,701
1690,301
1691,401
1692,201
1693,101
1694,601
1695,901
1696,801
1697,301
1698,1001
1699,701
1700,801
1701,101
1702,501
1703,901
1704,801
1705,201
1706,801
1707,501
1708,201
1709,101
1710,601
1711,801
1712,301
1713,101
1714,101
1715,1001
1716,201
1717,801
1718,101
1719,401
1720,901
1721,501
1722,1001
1723,501
1724,101
1725,501
1726,701
1727,101
1728,401
1729,201
1730,201
1731,401
1732,401
1733,601
1734,701
1735,801
1736,501
1737,201
1738,601
1739,401
1740,101
1741,901
1742,801
1743,401
1744,1001
1745,701
1746,1001
1747,401
1748,601
1749,101
1750,301
1751,801
1752,401
1753,601
1754,201
1755,301
1756,601
1757,901
1758,101
1759,901
1760,901
1761,201
1762,601
1763,101
1764,401
1765,101
1766,601
1767,201
1768,501
1769,101
1770,401
1771,801
1772,301
1773,501
1774,901
1775,601
1776,101
1777,801
1778,101
1779,501
1780,401
1781,201
1782,1001
1783,901
1784,801
1785,801
1786,201
1787,501
1788,1001
1789,1001
1790,401
1791,1001
1792,201
1793,801
1794,1001
1795,101
1796,301
1797,101
1798,401
1799,401
1800,801
1801,701
1802,1001
1803,301
1804,401
1805,401
1806,801
1807,801
1808,101
1809,101
1810,801
1811,601
1812,301
1813,1001
1814,601
1815,801
1816,501
1817,501
1818,301
1819,701
1820,701
1821,201
1822,1001
1823,701
1824,901
1825,301
1826,1001
1827,101
1828,901
1829,801
1830,201
1831,201
1832,701
1833,401
1834,601
1835,201
1836,201
1837,201
1838,401
1839,201
1840,301
1841,401
1842,101
1843,301
1844,101
1845,201
1846,401
1847,601
1848,601
1849,801
1850,501
1851,801
1852,1001
1853,701
1854,1001
1855,701
1856,901
1857,401
1858,501
1859,701
1860,901
1861,601
1862,201
1863,501
1864,301
1865,501
1866,1001
1867,601
1868,201
1869,201
1870,1001
1871,101
1872,301
1873,501
1874,1001
1875,901
1876,801
1877,201
1878,901
1879,401
1880,601
1881,701
1882,1001
1883,901
1884,1001
1885,201
1886,201
1887,701
1888,801
1889,701
1890,401
1891,301
1892,301
1893,101
1894,901
1895,1001
1896,301
1897,601
1898,201
1899,101
1900,901
1901,201
1902,501
1903,601
1904,201
1905,1001
1906,701
1907,1001
1908,101
1909,701
1910,201
1911,601
1912,601
1913,901
1914,401
1915,901
1916,301
1917,701
1918,901
1919,101
1920,801
1921,501
1922,701
1923,201
1924,401
1925,501
1926,801
1927,601
1928,301
1929,401
1930,501
1931,501
1932,601
1933,301
1934,801
1935,201
1936,801
1937,301
1938,701
1939,701
1940,201
1941,101
1942,801
1943,901
1944,701
1945,101
1946,201
1947,901
1948,301
1949,601
1950,801
1951,801
1952,701
1953,601
1954,401
1955,601
1956,301
1957,501
1958,301
1959,501
1960,101
1961,901
1962,901
1963,401
1964,501
1965,1001
1966,301
1967,801
1968,601
1969,901
1970,701
1971,401
1972,701
1973,101
1974,901
1975,701
1976,801
1977,401
1978,701
1979,501
1980,1001
1981,501
1982,501
1983,701
1984,401
1985,101
1986,501
1987,201
1988,101
1989,201
1990,501
1991,701
1992,301
1993,1001
1994,201
1995,201
1996,101
1997,701
1998,401
1999,1001
2000,601
2001,701
2002,901
2003,701
2004,601
2005,901
2006,501
2007,701
2008,501
2009,401
2010,1001
2011,201
2012,401
2013,501
2014,201
2015,1001
2016,201
2017,301
2018,201
2019,201
2020,1001
2021,401
2022,601
2023,501
2024,101
2025,1001
2026,401
2027,701
2028,201
2029,801
2030,601
2031,601
2032,401
2033,401
2034,101
2035,201
2036,401
2037,801
2038,701
2039,901
2040,701
2041,701
2042,201
2043,101
2044,901
2045,801
2046,401
2047,501
2048,701
2049,1001
2050,1001
2051,901
2052,201
2053,501
2054,1001
2055,1001
2056,301
2057,901
2058,701
2059,301
2060,801
2061,101
2062,101
2063,701
2064,601
2065,601
2066,901
2067,701
2068,101
2069,1001
2070,401
2071,1001
2072,201
2073,401
2074,601
2075,501
2076,401
2077,401
2078,601
2079,601
2080,701
2081,401
2082,101
2083,301
2084,401
2085,501
2086,301
2087,401
2088,101
2089,1001
2090,1001
2091,501
2092,801
2093,301
2094,201
2095,501
2096,801
2097,101
2098,701
2099,101
2100,1001
2101,601
2102,301
2103,901
2104,601
2105,801
2106,401
2107,101
2108,901
2109,301
2110,501
2111,301
2112,901
2113,301
2114,601
2115,601
2116,801
2117,701
2118,501
2119,101
2120,901
2121,501
2122,901
2123,301
2124,801
2125,501
2126,1001
2127,301
2128,101
2129,401
2130,301
2131,1001
2132,701
2133,801
2134,301
2135,501
2136,201
2137,201
2138,201
2139,901
2140,401
2141,701
2142,801
2143,901
2144,801
2145,701
2146,301
2147,901
2148,1001
2149,1001
2150,901
2151,701
2152,401
2153,901
2154,401
2155,201
2156,101
2157,701
2158,301
2159,301
2160,601
2161,701
2162,1001
2163,601
2164,901
2165,201
2166,501
2167,201
2168,801
2169,901
2170,501
2171,701
2172,201
2173,901
2174,501
2175,401
2176,201
2177,301
2178,901
2179,101
2180,901
2181,601
2182,1001
2183,301
2184,501
2185,301
2186,601
2187,401
2188,801
2189,101
2190,201
2191,101
2192,301
2193,401
2194,801
2195,701
2196,801
2197,1001
2198,501
2199,301
2200,701
2201,301
2202,501
2203,501
2204,901
2205,101
2206,501
2207,501
2208,601
2209,901
2210,101
2211,701
2212,901
2213,1001
2214,901
2215,601
2216,701
2217,1001
2218,101
2219,501
2220,901
2221,801
2222,201
2223,401
2224,501
2225,901
2226,901
2227,101
2228,1001
2229,201
2230,401
2231,401
2232,701
2233,501
2234,901
2235,801
2236,201
2237,101
2238,601
2239,801
2240,201
2241,801
2242,601
2243,301
2244,801
2245,1001
2246,201
2247,901
2248,601
2249,301
2250,501
2251,1001
2252,501
2253,801
2254,301
2255,301
2256,401
2257,501
2258,1001
2259,201
2260,1001
2261,301
2262,201
2263,801
2264,1001
2265,501
2266,501
2267,701
2268,701
2269,801
2270,301
2271,801
2272,901
2273,101
2274,201
2275,1001
2276,801
2277,201
2278,201
2279,801
2280,601
2281,401
2282,401
2283,901
2284,201
2285,401
2286,801
2287,701
2288,201
2289,401
2290,901
2291,801
2292,901
2293,1001
2294,301
2295,101
2296,101
2297,301
2298,901
2299,901
2300,801
2301,401
2302,801
2303,201
2304,401
2305,101
2306,901
2307,501
2308,501
2309,401
2310,901
2311,1001
2312,301
2313,401
2314,1001
2315,801
2316,201
2317,201
2318,801
2319,101
2320,501
2321,601
2322,701
2323,601
2324,1001
2325,201
2326,401
2327,101
2328,301
2329,101
2330,101
2331,501
2332,701
2333,801
2334,101
2335,801
2336,201
2337,501
2338,701
2339,501
2340,601
2341,501
2342,1001
2343,1001
2344,201
2345,801
2346,1001
2347,601
2348,401
2349,401
2350,901
2351,301
2352,401
2353,701
2354,301
2355,301
2356,201
2357,201
2358,201
2359,201
2360,201
2361,701
2362,1001
2363,901
2364,501
2365,401
2366,801
2367,201
2368,701
2369,501
2370,1001
2371,101
2372,1001
2373,801
2374,501
2375,301
2376,501
2377,101
2378,801
2379,101
2380,201
2381,301
2382,901
2383,901
2384,701
2385,101
2386,101
2387,801
2388,201
2389,701
2390,901
2391,301
2392,301
2393,401
2394,401
2395,501
2396,401
2397,301
2398,301
2399,201
2400,801
2401,601
2402,501
2403,501
2404,101
2405,501
2406,401
2407,201
2408,801
2409,801
2410,201
2411,101
2412,201
2413,301
2414,601
2415,501
2416,301
2417,201
2418,101
2419,201
2420,901
2421,1001
2422,201
2423,801
2424,901
2425,401
2426,401
2427,1001
2428,401
2429,701
2430,301
2431,901
2432,401
2433,301
2434,301
2435,201
2436,101
2437,501
2438,301
2439,1001
2440,301
2441,501
2442,401
2443,801
2444,1001
2445,201
2446,601
2447,301
2448,501
2449,1001
2450,101
2451,401
2452,901
2453,601
2454,401
2455,701
2456,101
2457,1001
2458,501
2459,701
2460,301
2461,601
2462,101
2463,301
2464,801
2465,501
2466,701
2467,701
2468,901
2469,701
2470,701
2471,901
2472,701
2473,1001
2474,201
2475,801
2476,301
2477,601
2478,1001
2479,1001
2480,101
2481,801
2482,301
2483,801
2484,701
2485,801
2486,101
2487,701
2488,601
2489,501
2490,501
2491,801
2492,301
2493,101
2494,1001
2495,1001
2496,301
2497,301
2498,1001
2499,501
2500,501
2501,301
2502,401
2503,401
2504,301
2505,201
2506,801
2507,101
2508,801
2509,701
2510,501
2511,201
2512,401
2513,901
2514,801
2515,501
2516,701
2517,1001
2518,301
2519,601
2520,201
2521,901
2522,801
2523,401
2524,801
2525,201
2526,601
2527,401
2528,101
2529,1001
2530,201
2531,501
2532,101
2533,701
2534,401
2535,401
2536,701
2537,101
2538,501
2539,1001
2540,801
2541,601
2542,201
2543,701
2544,901
2545,1001
2546,401
2547,601
2548,801
2549,1001
2550,401
2551,901
2552,401
2553,901
2554,201
2555,601
2556,401
2557,301
2558,101
2559,601
2560,401
2561,701
2562,901
2563,701
2564,801
2565,801
2566,801
2567,401
2568,801
2569,101
2570,601
2571,1001
2572,101
2573,301
2574,901
2575,801
2576,401
2577,201
2578,801
2579,801
2580,901
2581,701
2582,601
2583,1001
2584,401
2585,901
2586,1001
2587,401
2588,401
2589,801
2590,1001
2591,201
2592,801
2593,101
2594,101
2595,401
2596,801
2597,301
2598,601
2599,301
2600,201
2601,901
2602,701
2603,301
2604,1001
2605,601
2606,801
2607,601
2608,901
2609,901
2610,701
2611,901
2612,601
2613,201
2614,501
2615,901
2616,501
2617,601
2618,901
2619,401
2620,101
2621,701
2622,301
2623,801
2624,401
2625,401
2626,301
2627,201
2628,101
2629,801
2630,401
2631,501
2632,101
2633,401
2634,1001
2635,401
2636,301
2637,901
2638,1001
2639,101
2640,401
2641,901
2642,101
2643,801
2644,701
2645,601
2646,501
2647,801
2648,401
2649,101
2650,101
2651,901
2652,701
2653,301
2654,601
2655,201
2656,201
2657,101
2658,101
2659,501
2660,501
2661,101
2662,201
2663,301
2664,401
2665,301
2666,801
2667,801
2668,901
2669,901
2670,301
2671,901
2672,801
2673,701
2674,1001
2675,201
2676,501
2677,201
2678,701
2679,501
2680,301
2681,501
2682,401
2683,601
2684,501
2685,801
2686,1001
2687,601
2688,101
2689,201
2690,601
2691,401
2692,901
2693,1001
2694,201
2695,1001
2696,501
2697,1001
2698,601
2699,401
2700,301
2701,801
2702,501
2703,701
2704,101
2705,201
2706,201
2707,201
2708,101
2709,501
2710,501
2711,801
2712,701
2713,401
2714,901
2715,101
2716,501
2717,401
2718,101
2719,701
2720,201
2721,1001
2722,701
2723,201
2724,401
2725,901
2726,201
2727,301
2728,601
2729,701
2730,301
2731,801
2732,401
2733,701
2734,101
2735,201
2736,1001
2737,801
2738,701
2739,701
2740,901
2741,801
2742,301
2743,1001
2744,601
2745,901
2746,401
2747,201
2748,101
2749,101
2750,801
2751,601
2752,101
2753,301
2754,201
2755,701
2756,1001
2757,401
2758,201
2759,901
2760,701
2761,501
2762,101
2763,701
2764,101
2765,101
2766,101
2767,701
2768,401
2769,601
2770,1001
2771,701
2772,1001
2773,601
2774,601
2775,901
2776,601
2777,401
2778,101
2779,501
2780,101
2781,401
2782,1001
2783,701
2784,901
2785,301
2786,401
2787,201
2788,301
2789,201
2790,201
2791,601
2792,701
2793,1001
2794,901
2795,101
2796,701
2797,701
2798,601
2799,601
2800,401
2801,901
2802,701
2803,301
2804,201
2805,501
2806,601
2807,501
2808,401
2809,801
2810,901
2811,101
2812,101
2813,1001
2814,401
2815,601
2816,201
2817,201
2818,101
2819,501
2820,501
2821,801
2822,101
2823,201
2824,801
2825,101
2826,201
2827,701
2828,201
2829,501
2830,601
2831,701
2832,701
2833,401
2834,801
2835,901
2836,501
2837,501
2838,801
2839,301
2840,601
2841,401
2842,801
2843,101
2844,801
2845,801
2846,1001
2847,701
2848,501
2849,301
2850,901
2851,401
2852,1001
2853,901
2854,901
2855,1001
2856,601
2857,901
2858,1001
2859,1001
2860,901
2861,701
2862,301
2863,901
2864,501
2865,301
2866,401
2867,501
2868,201
2869,201
2870,901
2871,1001
2872,401
2873,501
2874,101
2875,801
2876,1001
2877,701
2878,501
2879,201
2880,501
2881,201
2882,401
2883,501
2884,1001
2885,401
2886,201
2887,501
2888,801
2889,801
2890,501
2891,801
2892,301
2893,1001
2894,401
2895,101
2896,901
2897,101
2898,901
2899,501
2900,101
2901,501
2902,501
2903,201
2904,601
2905,301
2906,201
2907,601
2908,501
2909,1001
2910,601
2911,301
2912,201
2913,201
2914,601
2915,901
2916,801
2917,1001
2918,501
2919,301
2920,1001
2921,701
2922,301
2923,601
2924,1001
2925,401
2926,101
2927,1001
2928,301
2929,201
2930,1001
2931,101
2932,401
2933,101
2934,701
2935,1001
2936,901
2937,501
2938,101
2939,501
2940,1001
2941,301
2942,1001
2943,101
2944,201
2945,101
2946,801
2947,201
2948,701
2949,601
2950,901
2951,201
2952,601
2953,401
2954,601
2955,101
2956,401
2957,601
2958,601
2959,1001
2960,301
2961,901
2962,801
2963,101
2964,501
2965,1001
2966,201
2967,1001
2968,801
2969,801
2970,601
2971,801
2972,301
2973,101
2974,1001
2975,201
2976,901
2977,701
2978,301
2979,401
2980,1001
2981,701
2982,301
2983,201
2984,1001
2985,201
2986,401
2987,701
2988,601
2989,101
2990,401
2991,1001
2992,401
2993,401
2994,801
2995,701
2996,901
2997,101
2998,201
2999,1001
3000,101
3001,701
3002,1001
3003,901
3004,201
3005,301
3006,201
3007,1001
3008,601
3009,1001
3010,801
3011,401
3012,801
3013,901
3014,101
3015,201
3016,401
3017,101
3018,501
3019,701
3020,201
3021,101
3022,301
3023,601
3024,901
3025,501
3026,501
3027,201
3028,201
3029,601
3030,501
3031,301
3032,701
3033,101
3034,701
3035,1001
3036,301
3037,701
3038,301
3039,801
3040,201
3041,801
3042,1001
3043,501
3044,101
3045,101
3046,401
3047,901
3048,301
3049,301
3050,401
3051,201
3052,701
3053,101
3054,601
3055,801
3056,801
3057,1001
3058,301
3059,701
3060,801
3061,801
3062,801
3063,901
3064,701
3065,901
3066,901
3067,501
3068,701
3069,901
3070,301
3071,201
3072,301
3073,901
3074,301
3075,401
3076,1001
3077,501
3078,101
3079,401
3080,801
3081,401
3082,301
3083,401
3084,401
3085,801
3086,401
3087,501
3088,101
3089,701
3090,301
3091,101
3092,901
3093,201
3094,601
3095,401
3096,601
3097,501
3098,201
3099,801
3100,201
3101,401
3102,801
3103,601
3104,801
3105,401
3106,301
3107,401
3108,801
3109,401
3110,801
3111,401
3112,801
3113,901
3114,601
3115,501
3116,601
3117,301
3118,1001
3119,701
3120,601
3121,401
3122,701
3123,801
3124,501
3125,201
3126,801
3127,201
3128,601
3129,301
3130,401
3131,101
3132,401
3133,201
3134,501
3135,301
3136,701
3137,1001
3138,501
3139,401
3140,901
3141,101
3142,701
3143,301
3144,201
3145,701
3146,1001
3147,401
3148,1001
3149,201
3150,1001
3151,401
3152,301
3153,201
3154,901
3155,501
3156,501
3157,701
3158,601
3159,901
3160,701
3161,501
3162,801
3163,801
3164,901
3165,701
3166,1001
3167,801
3168,401
3169,1001
3170,501
3171,101
3172,601
3173,501
3174,701
3175,501
3176,201
3177,301
3178,401
3179,101
3180,101
3181,301
3182,701
3183,701
3184,901
3185,801
3186,101
3187,901
3188,701
3189,501
3190,501
3191,1001
3192,101
3193,801
3194,301
3195,501
3196,301
3197,201
3198,901
3199,901
3200,601
3201,1001
3202,301
3203,801
3204,201
3205,901
3206,901
3207,401
3208,301
3209,801
3210,701
3211,101
3212,201
3213,301
3214,801
3215,201
3216,101
3217,901
3218,401
3219,701
3220,101
3221,601
3222,401
3223,701
3224,301
3225,901
3226,201
3227,101
3228,201
3229,501
3230,301
3231,201
3232,201
3233,501
3234,501
3235,501
3236,501
3237,801
3238,201
3239,701
3240,301
3241,401
3242,1001
3243,101
3244,101
3245,201
3246,901
3247,401
3248,501
3249,401
3250,501
3251,301
3252,101
3253,701
3254,201
3255,701
3256,201
3257,301
3258,301
3259,301
3260,201
3261,301
3262,401
3263,801
3264,901
3265,201
3266,101
3267,101
3268,301
3269,201
3270,301
3271,701
3272,101
3273,201
3274,701
3275,301
3276,601
3277,201
3278,801
3279,501
3280,901
3281,901
3282,201
3283,501
3284,401
3285,901
3286,401
3287,1001
3288,1001
3289,1001
3290,901
3291,401
3292,501
3293,801
3294,301
3295,801
3296,601
3297,801
3298,101
3299,501
3300,401
3301,401
3302,301
3303,501
3304,801
3305,701
3306,101
3307,101
3308,701
3309,801
3310,801
3311,101
3312,601
3313,601
3314,901
3315,201
3316,101
3317,501
3318,101
3319,301
3320,901
3321,201
3322,601
3323,101
3324,401
3325,901
3326,101
3327,401
3328,301
3329,801
3330,401
3331,401
3332,701
3333,501
3334,801
3335,601
3336,601
3337,601
3338,301
3339,1001
3340,301
3341,901
3342,501
3343,701
3344,901
3345,701
3346,601
3347,101
3348,301
3349,901
3350,801
3351,701
3352,201
3353,801
3354,201
3355,201
3356,301
3357,801
3358,501
3359,101
3360,101
3361,801
3362,801
3363,701
3364,401
3365,901
3366,701
3367,501
3368,301
3369,101
3370,801
3371,501
3372,101
3373,601
3374,801
3375,901
3376,301
3377,801
3378,501
3379,801
3380,201
3381,201
3382,401
3383,701
3384,701
3385,301
3386,1001
3387,201
3388,1001
3389,501
3390,901
3391,401
3392,701
3393,1001
3394,601
3395,1001
3396,701
3397,301
3398,501
3399,701
3400,801
3401,801
3402,101
3403,701
3404,701
3405,1001
3406,801
3407,901
3408,401
3409,601
3410,401
3411,1001
3412,1001
3413,101
3414,101
3415,601
3416,301
3417,601
3418,101
3419,801
3420,201
3421,201
3422,201
3423,701
3424,1001
3425,701
3426,801
3427,1001
3428,701
3429,701
3430,1001
3431,201
3432,501
3433,401
3434,201
3435,201
3436,301
3437,201
3438,501
3439,201
3440,101
3441,901
3442,801
3443,701
3444,401
3445,501
3446,101
3447,101
3448,701
3449,601
3450,401
3451,101
3452,801
3453,201
3454,801
3455,201
3456,201
3457,401
3458,201
3459,101
3460,1001
3461,501
3462,801
3463,601
3464,501
3465,201
3466,501
3467,901
3468,1001
3469,501
3470,401
3471,601
3472,201
3473,1001
3474,901
3475,301
3476,1001
3477,401
3478,1001
3479,1001
3480,101
3481,201
3482,101
3483,301
3484,1001
3485,401
3486,1001
3487,401
3488,401
3489,701
3490,301
3491,1001
3492,1001
3493,901
3494,401
3495,801
3496,501
3497,101
3498,501
3499,801
3500,901
3501,501
3502,1001
3503,901
3504,201
3505,1001
3506,801
3507,601
3508,1001
3509,301
3510,901
3511,301
3512,801
3513,101
3514,301
3515,301
3516,401
3517,901
3518,501
3519,701
3520,901
3521,501
3522,901
3523,301
3524,501
3525,701
3526,801
3527,1001
3528,401
3529,401
3530,1001
3531,501
3532,401
3533,201
3534,501
3535,501
3536,801
3537,101
3538,601
3539,1001
3540,701
3541,101
3542,501
3543,501
3544,501
3545,501
3546,701
3547,201
3548,401
3549,401
3550,301
3551,701
3552,501
3553,601
3554,1001
3555,701
3556,901
3557,601
3558,701
3559,101
3560,901
3561,701
3562,501
3563,201
3564,901
3565,701
3566,901
3567,301
3568,601
3569,501
3570,601
3571,601
3572,501
3573,801
3574,501
3575,101
3576,801
3577,901
3578,301
3579,301
3580,401
3581,801
3582,101
3583,201
3584,901
3585,101
3586,801
3587,201
3588,1001
3589,901
3590,801
3591,601
3592,601
3593,1001
3594,201
3595,801
3596,601
3597,501
3598,401
3599,601
3600,401
3601,301
3602,201
3603,701
3604,701
3605,101
3606,201
3607,201
3608,501
3609,101
3610,801
3611,501
3612,301
3613,501
3614,101
3615,701
3616,501
3617,801
3618,701
3619,1001
3620,601
3621,401
3622,501
3623,701
3624,601
3625,101
3626,201
3627,901
3628,901
3629,301
3630,401
3631,401
3632,601
3633,801
3634,901
3635,101
3636,901
3637,601
3638,801
3639,201
3640,201
3641,101
3642,201
3643,401
3644,801
3645,901
3646,601
3647,101
3648,801
3649,201
3650,201
3651,101
3652,201
3653,201
3654,501
3655,601
3656,301
3657,801
3658,701
3659,301
3660,401
3661,101
3662,301
3663,601
3664,601
3665,501
3666,701
3667,1001
3668,801
3669,301
3670,201
3671,401
3672,701
3673,501
3674,201
3675,901
3676,301
3677,501
3678,101
3679,601
3680,201
3681,101
3682,401
3683,301
3684,701
3685,501
3686,501
3687,401
3688,1001
3689,701
3690,201
3691,701
3692,601
3693,801
3694,1001
3695,301
3696,101
3697,301
3698,701
3699,101
3700,201
3701,501
3702,401
3703,601
3704,301
3705,901
3706,901
3707,101
3708,901
3709,901
3710,1001
3711,101
3712,1001
3713,701
3714,801
3715,701
3716,401
3717,401
3718,401
3719,1001
3720,801
3721,801
3722,801
3723,501
3724,1001
3725,101
3726,701
3727,1001
3728,901
3729,501
3730,301
3731,1001
3732,301
3733,201
3734,201
3735,101
3736,101
3737,801
3738,901
3739,401
3740,401
3741,401
3742,201
3743,401
3744,801
3745,701
3746,201
3747,401
3748,201
3749,701
3750,701
3751,601
3752,301
3753,301
3754,801
3755,601
3756,1001
3757,601
3758,301
3759,501
3760,1001
3761,1001
3762,201
3763,701
3764,1001
3765,101
3766,201
3767,401
3768,301
3769,101
3770,1001
3771,501
3772,901
3773,301
3774,301
3775,101
3776,301
3777,901
3778,201
3779,601
3780,201
3781,301
3782,901
3783,901
3784,1001
3785,201
3786,901
3787,201
3788,401
3789,601
3790,201
3791,101
3792,1001
3793,501
3794,501
3795,401
3796,401
3797,901
3798,601
3799,1001
3800,801
3801,701
3802,101
3803,301
3804,101
3805,101
3806,101
3807,901
3808,901
3809,401
3810,201
3811,601
3812,501
3813,401
3814,901
3815,601
3816,201
3817,901
3818,601
3819,101
3820,501
3821,1001
3822,501
3823,701
3824,301
3825,401
3826,401
3827,601
3828,701
3829,501
3830,901
3831,101
3832,1001
3833,301
3834,901
3835,401
3836,701
3837,1001
3838,601
3839,201
3840,901
3841,1001
3842,501
3843,1001
3844,201
3845,301
3846,901
3847,301
3848,101
3849,401
3850,101
3851,1001
3852,201
3853,201
3854,601
3855,801
3856,101
3857,1001
3858,1001
3859,201
3860,1001
3861,601
3862,1001
3863,301
3864,601
3865,101
3866,501
3867,201
3868,101
3869,901
3870,501
3871,101
3872,901
3873,1001
3874,901
3875,1001
3876,501
3877,901
3878,601
3879,801
3880,1001
3881,901
3882,1001
3883,901
3884,101
3885,1001
3886,1001
3887,701
3888,901
3889,1001
3890,1001
3891,601
3892,1001
3893,901
3894,701
3895,201
3896,101
3897,401
3898,401
3899,601
3900,301
3901,201
3902,701
3903,401
3904,101
3905,301
3906,901
3907,401
3908,601
3909,701
3910,301
3911,401
3912,101
3913,301
3914,301
3915,701
3916,501
3917,401
3918,601
3919,601
3920,201
3921,801
3922,301
3923,201
3924,701
3925,1001
3926,201
3927,401
3928,1001
3929,601
3930,601
3931,201
3932,701
3933,301
3934,301
3935,901
3936,701
3937,801
3938,201
3939,501
3940,701
3941,101
3942,701
3943,101
3944,601
3945,401
3946,301
3947,901
3948,401
3949,701
3950,901
3951,1001
3952,601
3953,601
3954,401
3955,1001
3956,601
3957,501
3958,601
3959,301
3960,101
3961,601
3962,701
3963,301
3964,301
3965,901
3966,401
3967,1001
3968,1001
3969,401
3970,801
3971,1001
3972,501
3973,701
3974,801
3975,201
3976,401
3977,201
3978,401
3979,701
3980,701
3981,101
3982,1001
3983,101
3984,201
3985,1001
3986,1001
3987,401
3988,901
3989,901
3990,101
3991,201
3992,701
3993,1001
3994,801
3995,601
3996,401
3997,501
3998,801
3999,501
4000,1001
4001,501
4002,501
4003,401
4004,701
4005,401
4006,201
4007,201
4008,601
4009,701
4010,1001
4011,201
4012,901
4013,501
4014,201
4015,201
4016,1001
4017,1001
4018,1001
4019,401
4020,701
4021,901
4022,201
4023,701
4024,101
4025,501
4026,201
4027,401
4028,1001
4029,801
4030,501
4031,1001
4032,601
4033,201
4034,101
4035,101
4036,201
4037,201
4038,701
4039,301
4040,201
4041,1001
4042,901
4043,501
4044,101
4045,601
4046,701
4047,501
4048,1001
4049,101
4050,801
4051,201
4052,701
4053,601
4054,801
4055,601
4056,301
4057,601
4058,201
4059,901
4060,601
4061,501
4062,801
4063,101
4064,601
4065,801
4066,1001
4067,301
4068,601
4069,901
4070,201
4071,101
4072,501
4073,401
4074,801
4075,201
4076,601
4077,901
4078,201
4079,801
4080,101
4081,101
4082,701
4083,101
4084,801
4085,401
4086,201
4087,901
4088,401
4089,1001
4090,801
4091,101
4092,101
4093,901
4094,1001
4095,601
4096,1001
4097,901
4098,401
4099,301
4100,801
4101,301
4102,1001
4103,801
4104,301
4105,201
4106,201
4107,401
4108,801
4109,601
4110,401
4111,201
4112,1001
4113,901
4114,301
4115,301
4116,301
4117,901
4118,901
4119,601
4120,801
4121,401
4122,901
4123,1001
4124,901
4125,901
4126,701
4127,901
4128,301
4129,401
4130,1001
4131,801
4132,201
4133,701
4134,301
4135,1001
4136,301
4137,901
4138,901
4139,201
4140,701
4141,301
4142,901
4143,801
4144,1001
4145,201
4146,401
4147,101
4148,201
4149,801
4150,301
4151,101
4152,801
4153,201
4154,201
4155,501
4156,101
4157,901
4158,101
4159,1001
4160,401
4161,701
4162,301
4163,401
4164,101
4165,401
4166,901
4167,101
4168,301
4169,201
4170,201
4171,201
4172,201
4173,501
4174,501
4175,1001
4176,801
4177,501
4178,601
4179,201
4180,201
4181,401
4182,201
4183,1001
4184,1001
4185,1001
4186,201
4187,101
4188,301
4189,101
4190,301
4191,201
4192,201
4193,501
4194,701
4195,1001
4196,201
4197,601
4198,501
4199,1001
4200,801
4201,801
4202,601
4203,601
4204,701
4205,301
4206,401
4207,301
4208,901
4209,101
4210,701
4211,1001
4212,601
4213,601
4214,1001
4215,801
4216,801
4217,201
4218,501
4219,901
4220,601
4221,401
4222,501
4223,401
4224,501
4225,801
4226,801
4227,601
4228,101
4229,801
4230,501
4231,901
4232,901
4233,201
4234,601
4235,401
4236,1001
4237,601
4238,1001
4239,1001
4240,701
4241,1001
4242,101
4243,401
4244,701
4245,401
4246,1001
4247,901
4248,301
4249,301
4250,201
4251,301
4252,901
4253,701
4254,901
4255,601
4256,401
4257,401
4258,1001
4259,501
4260,1001
4261,301
4262,601
4263,201
4264,601
4265,201
4266,1001
4267,501
4268,201
4269,501
4270,501
4271,401
4272,401
4273,501
4274,201
4275,301
4276,301
4277,401
4278,401
4279,101
4280,301
4281,1001
4282,101
4283,101
4284,1001
4285,1001
4286,701
4287,101
4288,1001
4289,401
4290,801
4291,901
4292,501
4293,201
4294,1001
4295,1001
4296,801
4297,301
4298,401
4299,1001
4300,1001
4301,901
4302,1001
4303,901
4304,201
4305,201
4306,901
4307,801
4308,601
4309,201
4310,1001
4311,601
4312,401
4313,601
4314,1001
4315,1001
4316,501
4317,1001
4318,801
4319,201
4320,1001
4321,101
4322,1001
4323,801
4324,901
4325,501
4326,1001
4327,301
4328,101
4329,201
4330,101
4331,901
4332,201
4333,501
4334,1001
4335,401
4336,401
4337,701
4338,201
4339,601
4340,301
4341,601
4342,301
4343,301
4344,101
4345,801
4346,301
4347,701
4348,701
4349,101
4350,201
4351,301
4352,101
4353,401
4354,101
4355,301
4356,401
4357,901
4358,801
4359,1001
4360,801
4361,601
4362,101
4363,901
4364,1001
4365,601
4366,101
4367,401
4368,301
4369,601
4370,1001
4371,101
4372,901
4373,901
4374,501
4375,701
4376,901
4377,901
4378,501
4379,601
4380,501
4381,601
4382,601
4383,501
4384,1001
4385,301
4386,301
4387,201
4388,301
4389,701
4390,901
4391,901
4392,1001
4393,101
4394,401
4395,701
4396,701
4397,501
4398,401
4399,901
4400,901
4401,1001
4402,301
4403,301
4404,101
4405,101
4406,501
4407,401
4408,1001
4409,1001
4410,201
4411,1001
4412,901
4413,701
4414,701
4415,501
4416,301
4417,701
4418,1001
4419,301
4420,901
4421,601
4422,501
4423,601
4424,801
4425,1001
4426,1001
4427,1001
4428,901
4429,201
4430,901
4431,401
4432,501
4433,101
4434,401
4435,901
4436,801
4437,1001
4438,401
4439,501
4440,701
4441,401
4442,701
4443,301
4444,401
4445,1001
4446,301
4447,701
4448,101
4449,101
4450,101
4451,201
4452,901
4453,901
4454,801
4455,1001
4456,101
4457,301
4458,101
4459,501
4460,801
4461,801
4462,801
4463,101
4464,601
4465,701
4466,501
4467,701
4468,801
4469,501
4470,401
4471,101
4472,801
4473,601
4474,101
4475,801
4476,501
4477,301
4478,101
4479,901
4480,1001
4481,1001
4482,501
4483,301
4484,501
4485,701
4486,801
4487,901
4488,801
4489,701
4490,1001
4491,501
4492,201
4493,401
4494,801
4495,401
4496,101
4497,901
4498,501
4499,801
4500,701
4501,201
4502,401
4503,1001
4504,301
4505,301
4506,1001
4507,301
4508,201
4509,901
4510,401
4511,301
4512,1001
4513,701
4514,901
4515,501
4516,101
4517,201
4518,301
4519,901
4520,501
4521,601
4522,301
4523,801
4524,401
4525,201
4526,201
4527,401
4528,101
4529,401
4530,601
4531,801
4532,101
4533,401
4534,201
4535,1001
4536,401
4537,701
4538,401
4539,201
4540,801
4541,1001
4542,401
4543,101
4544,901
4545,501
4546,901
4547,301
4548,701
4549,301
4550,301
4551,1001
4552,501
4553,401
4554,1001
4555,101
4556,1001
4557,1001
4558,701
4559,501
4560,301
4561,1001
4562,801
4563,301
4564,201
4565,201
4566,701
4567,801
4568,501
4569,801
4570,601
4571,1001
4572,301
4573,901
4574,301
4575,201
4576,301
4577,501
4578,601
4579,1001
4580,701
4581,201
4582,401
4583,301
4584,901
4585,1001
4586,1001
4587,401
4588,701
4589,201
4590,201
4591,501
4592,701
4593,1001
4594,801
4595,301
4596,201
4597,601
4598,201
4599,501
4600,701
4601,401
4602,501
4603,201
4604,201
4605,101
4606,901
4607,201
4608,701
4609,901
4610,501
4611,1001
4612,101
4613,801
4614,401
4615,101
4616,501
4617,801
4618,101
4619,701
4620,901
4621,701
4622,401
4623,701
4624,801
4625,801
4626,301
4627,901
4628,701
4629,101
4630,901
4631,401
4632,101
4633,301
4634,1001
4635,901
4636,401
4637,301
4638,601
4639,401
4640,1001
4641,901
4642,101
4643,101
4644,201
4645,1001
4646,601
4647,201
4648,401
4649,1001
4650,701
4651,101
4652,201
4653,501
4654,201
4655,801
4656,201
4657,301
4658,401
4659,801
4660,1001
4661,801
4662,501
4663,1001
4664,1001
4665,401
4666,1001
4667,301
4668,901
4669,301
4670,801
4671,201
4672,401
4673,101
4674,1001
4675,201
4676,101
4677,201
4678,801
4679,801
4680,1001
4681,701
4682,1001
4683,1001
4684,1001
4685,301
4686,201
4687,701
4688,201
4689,401
4690,601
4691,801
4692,201
4693,1001
4694,801
4695,701
4696,501
4697,601
4698,801
4699,701
4700,901
4701,1001
4702,1001
4703,701
4704,401
4705,701
4706,301
4707,1001
4708,901
4709,201
4710,301
4711,301
4712,601
4713,601
4714,301
4715,401
4716,801
4717,301
4718,201
4719,101
4720,201
4721,101
4722,501
4723,601
4724,301
4725,101
4726,301
4727,901
4728,401
4729,601
4730,201
4731,801
4732,801
4733,201
4734,201
4735,301
4736,1001
4737,801
4738,901
4739,501
4740,101
4741,401
4742,101
4743,801
4744,901
4745,901
4746,501
4747,801
4748,801
4749,901
4750,601
4751,901
4752,701
4753,1001
4754,901
4755,201
4756,401
4757,901
4758,101
4759,401
4760,201
4761,801
4762,801
4763,601
4764,601
4765,201
4766,701
4767,601
4768,801
4769,501
4770,1001
4771,401
4772,601
4773,501
4774,801
4775,201
4776,301
4777,101
4778,901
4779,201
4780,701
4781,101
4782,801
4783,401
4784,501
4785,801
4786,901
4787,1001
4788,701
4789,101
4790,901
4791,701
4792,501
4793,901
4794,801
4795,801
4796,1001
4797,401
4798,901
4799,701
4800,1001
4801,801
4802,301
4803,401
4804,501
4805,101
4806,301
4807,201
4808,101
4809,601
4810,601
4811,601
4812,801
4813,301
4814,501
4815,701
4816,801
4817,301
4818,901
4819,401
4820,101
4821,901
4822,801
4823,901
4824,501
4825,101
4826,501
4827,501
4828,1001
4829,601
4830,901
4831,601
4832,701
4833,701
4834,401
4835,101
4836,1001
4837,401
4838,301
4839,701
4840,901
4841,1001
4842,401
4843,501
4844,1001
4845,601
4846,901
4847,1001
4848,201
4849,301
4850,901
4851,901
4852,701
4853,901
4854,201
4855,401
4856,801
4857,1001
4858,101
4859,201
4860,201
4861,1001
4862,801
4863,101
4864,901
4865,201
4866,801
4867,501
4868,601
4869,801
4870,201
4871,301
4872,201
4873,201
4874,401
4875,101
4876,701
4877,501
4878,201
4879,301
4880,501
4881,901
4882,801
4883,701
4884,701
4885,1001
4886,401
4887,201
4888,101
4889,601
4890,301
4891,401
4892,101
4893,601
4894,501
4895,401
4896,901
4897,501
4898,701
4899,701
4900,301
4901,801
4902,1001
4903,601
4904,201
4905,401
4906,301
4907,501
4908,401
4909,701
4910,201
4911,501
4912,501
4913,501
4914,801
4915,301
4916,901
4917,501
4918,201
4919,1001
4920,1001
4921,301
4922,801
4923,901
4924,101
4925,201
4926,401
4927,701
4928,201
4929,401
4930,501
4931,201
4932,201
4933,201
4934,601
4935,701
4936,101
4937,801
4938,101
4939,801
4940,401
4941,401
4942,701
4943,601
4944,901
4945,301
4946,1001
4947,501
4948,1001
4949,901
4950,201
4951,401
4952,201
4953,701
4954,201
4955,301
4956,801
4957,501
4958,101
4959,101
4960,101
4961,901
4962,301
4963,301
4964,1001
4965,301
4966,301
4967,201
4968,1001
4969,1001
4970,301
4971,801
4972,601
4973,201
4974,401
4975,501
4976,1001
4977,501
4978,201
4979,801
4980,601
4981,701
4982,401
4983,901
4984,401
4985,201
4986,301
4987,901
4988,501
4989,1001
4990,1001
4991,901
4992,801
4993,101
4994,801
4995,801
4996,401
4997,401
4998,301
4999,1001
5000,101
5001,401
5002,501
5003,1001
5004,901
5005,501
5006,201
5007,101
5008,701
5009,101
5010,1001
5011,701
5012,901
5013,701
5014,201
5015,201
5016,1001
5017,901
5018,1001
5019,301
5020,401
5021,601
5022,601
5023,1001
5024,501
5025,301
5026,201
5027,1001
5028,501
5029,401
5030,1001
5031,701
5032,101
5033,501
5034,101
5035,701
5036,101
5037,201
5038,301
5039,401
5040,501
5041,801
5042,901
5043,1001
5044,101
5045,201
5046,301
5047,401
5048,501
5049,801
5050,901
5051,1001
5052,101
5053,201
5054,301
5055,601
5056,501
5057,601
5058,701
5059,801
5060,901
5061,1001
5062,901
5063,401
5064,501
5065,801
5066,201
5067,701
5068,301
5069,201
5070,101
5071,1001
5072,801
5073,201
5074,1001
5075,401
5076,901
5077,501
5078,801
5079,301
5080,101
5081,1001
5082,201
5083,501
5084,601
5085,501
5086,701
5087,301
5088,101
5089,701
5090,301
5091,201
5092,201
5093,201
5094,201
5095,801
5096,301
5097,501
5098,801
5099,601
5100,301
5101,501
5102,501
5103,601
5104,901
5105,501
5106,301
5107,1001
5108,801
5109,101
5110,101
5111,801
5112,601
5113,201
5114,201
5115,801
5116,701
5117,701
5118,701
5119,901
5120,301
5121,301
5122,801
5123,801
5124,501
5125,101
5126,301
5127,501
5128,301
5129,201
5130,901
5131,1001
5132,701
5133,201
5134,101
5135,601
5136,501
5137,701
5138,1001
5139,901
5140,101
5141,301
5142,101
5143,901
5144,701
5145,1001
5146,701
5147,401
5148,101
5149,201
5150,301
5151,401
5152,501
5153,601
5154,701
5155,801
5156,101
5157,201
5158,301
5159,401
5160,501
5161,601
5162,701
5163,801
5164,901
5165,1001
5166,101
5167,201
5168,301
5169,401
5170,501
5171,601
5172,701
5173,801
5174,901
5175,601
5176,501
5177,901
5178,1001
5179,501
5180,801
5181,801
5182,401
5183,1001
5184,901
5185,901
5186,401
5187,201
5188,601
5189,901
5190,301
5191,801
5192,501
5193,301
5194,201
5195,601
5196,501
5197,601
5198,601
5199,901
5200,701
5201,501
5202,501
5203,501
5204,201
5205,901
5206,801
5207,601
5208,601
5209,201
5210,901
5211,801
5212,201
5213,401
5214,701
5215,401
5216,401
5217,301
5218,901
5219,701
5220,1001
5221,1001
5222,701
5223,601
5224,601
5225,401
5226,401
5227,901
5228,201
5229,701
5230,601
5231,701
5232,901
5233,201
5234,1001
5235,801
5236,701
5237,901
5238,401
5239,801
5240,501
5241,801
5242,101
5243,1001
5244,101
5245,101
5246,401
5247,301
5248,1001
5249,401
5250,101
5251,301
5252,101
5253,201
5254,101
5255,201
5256,101
5257,501
5258,101
5259,201
5260,101
5261,501
5262,801
5263,1001
5264,701
5265,301
5266,701
5267,301
5268,301
5269,1001
5270,1001
5271,101
5272,201
5273,301
5274,401
5275,501
5276,601
5277,701
5278,801
5279,1001
5280,1001
5281,101
5282,201
5283,301
5284,401
5285,501
5286,601
5287,701
5288,801
5289,1001
5290,1001
5291,101
5292,201
5293,301
5294,401
5295,501
5296,601
5297,701
5298,801
5299,101
5300,1001
5301,901
5302,101
5303,601
5304,701
5305,701
5306,101
5307,901
5308,101
5309,301
5310,401
5311,801
5312,801
5313,501
5314,801
5315,201
5316,1001
5317,201
5318,801
5319,201
5320,501
5321,101
5322,101
5323,501
5324,201
5325,801
5326,601
5327,801
5328,201
5329,401
5330,401
5331,401
5332,701
5333,701
5334,1001
5335,801
5336,501
5337,401
5338,101
5339,301
5340,601
5341,301
5342,701
5343,101
5344,901
5345,1001
5346,501
5347,401
5348,601
5349,501
5350,901
5351,201
5352,601
5353,1001
5354,101
5355,701
5356,501
5357,401
5358,701
5359,401
5360,401
5361,901
5362,201
5363,501
5364,801
5365,601
5366,801
5367,301
5368,301
5369,101
5370,101
5371,201
5372,801
5373,801
5374,1001
5375,601
5376,1001
5377,901
5378,1001
5379,701
5380,901
5381,901
5382,301
5383,401
5384,701
5385,201
5386,301
5387,1001
5388,901
5389,1001
5390,601
5391,301
5392,701
5393,301
5394,501
5395,901
5396,501
5397,701
5398,601
5399,101
5400,201
5401,601
5402,701
5403,801
5404,901
5405,1001
5406,101
5407,201
5408,301
5409,401
5410,701
5411,601
5412,701
5413,801
5414,901
5415,1001
5416,101
5417,201
5418,301
5419,401
5420,501
5421,601
5422,701
5423,801
5424,901
5425,1001
5426,801
5427,501
5428,301
5429,101
5430,1001
5431,101
5432,201
5433,601
5434,901
5435,901
5436,101
5437,301
5438,801
5439,901
5440,501
5441,501
5442,701
5443,201
5444,101
5445,501
5446,601
5447,401
5448,1001
5449,501
5450,301
5451,101
5452,601
5453,101
5454,201
5455,401
5456,301
5457,1001
5458,201
5459,701
5460,101
5461,201
5462,201
5463,901
5464,101
5465,501
5466,801
5467,801
5468,701
5469,401
5470,701
5471,101
5472,801
5473,401
5474,601
5475,501
5476,301
5477,501
5478,201
5479,901
5480,401
5481,601
5482,701
5483,801
5484,101
5485,701
5486,801
5487,201
5488,301
5489,601
5490,901
5491,201
5492,1001
5493,401
5494,901
5495,301
5496,901
5497,801
5498,701
5499,801
5500,201
5501,501
5502,701
5503,301
5504,1001
5505,401
5506,101
5507,201
5508,301
5509,401
5510,501
5511,601
5512,701
5513,801
5514,101
5515,201
5516,301
5517,401
5518,501
5519,601
5520,101
5521,201
5522,301
5523,401
5524,801
5525,201
5526,501
5527,101
5528,1001
5529,601
5530,101
5531,901
5532,101
5533,801
5534,801
5535,201
5536,201
5537,301
5538,1001
5539,401
5540,701
5541,801
5542,301
5543,401
5544,901
5545,201
5546,301
5547,1001
5548,901
5549,901
5550,801
5551,201
5552,801
5553,201
5554,201
5555,101
5556,401
5557,501
5558,301
5559,701
5560,501
5561,801
5562,501
5563,901
5564,801
5565,501
5566,1001
5567,201
5568,101
5569,701
5570,901
5571,601
5572,601
5573,601
5574,401
5575,601
5576,1001
5577,801
5578,501
5579,901
5580,601
5581,1001
5582,701
5583,1001
5584,401
5585,101
5586,401
5587,901
5588,1001
5589,201
5590,901
5591,201
5592,701
5593,101
5594,101
5595,201
5596,301
5597,401
5598,501
5599,601
5600,701
5601,801
5602,501
5603,1001
5604,101
5605,201
5606,301
5607,401
5608,501
5609,601
5610,701
5611,801
5612,701
5613,1001
5614,101
5615,201
5616,301
5617,401
5618,501
5619,601
5620,701
5621,1001
5622,901
5623,1001
5624,401
5625,601
5626,401
5627,301
5628,1001
5629,401
5630,301
5631,201
5632,501
5633,601
5634,601
5635,401
5636,401
5637,301
5638,201
5639,401
5640,1001
5641,801
5642,301
5643,601
5644,301
5645,901
5646,1001
5647,201
5648,901
5649,901
5650,801
5651,901
5652,201
5653,101
5654,101
5655,801
5656,801
5657,901
5658,801
5659,601
5660,101
5661,701
5662,201
5663,401
5664,801
5665,501
5666,701
5667,201
5668,301
5669,601
5670,101
5671,801
5672,1001
5673,1001
5674,101
5675,401
5676,901
5677,501
5678,701
5679,901
5680,201
5681,901
5682,701
5683,601
5684,1001
5685,101
5686,101
5687,101
5688,401
5689,801
5690,201
5691,701
5692,501
5693,301
5694,701
5695,701
5696,101
5697,501
5698,601
5699,501
5700,201
5701,401
5702,901
5703,701
5704,401
5705,1001
5706,1001
5707,601
5708,1001
5709,401
5710,801
5711,901
5712,601
5713,701
5714,501
5715,801
5716,701
5717,301
5718,901
5719,101
5720,1001
5721,201
5722,101
5723,201
5724,301
5725,401
5726,501
5727,601
5728,701
5729,801
5730,901
5731,1001
5732,101
5733,201
5734,301
5735,1001
5736,701
5737,701
5738,101
5739,201
5740,301
5741,401
5742,501
5743,601
5744,701
5745,901
5746,801
5747,201
5748,401
5749,301
5750,701
5751,101
5752,801
5753,601
5754,1001
5755,1001
5756,701
5757,101
5758,1001
5759,501
5760,201
5761,401
5762,301
5763,201
5764,301
5765,401
5766,901
5767,401
5768,301
5769,701
5770,901
5771,701
5772,901
5773,301
5774,801
5775,501
5776,901
5777,201
5778,901
5779,101
5780,601
5781,401
5782,1001
5783,501
5784,201
5785,1001
5786,301
5787,201
5788,1001
5789,701
5790,801
5791,1001
5792,101
5793,501
5794,701
5795,201
5796,801
5797,401
5798,901
5799,801
5800,301
5801,1001
5802,701
5803,601
5804,901
5805,401
5806,1001
5807,101
5808,601
5809,801
5810,201
5811,701
5812,201
5813,101
5814,1001
5815,401
5816,401
5817,501
5818,501
5819,101
5820,701
5821,301
5822,601
5823,501
5824,301
5825,401
5826,501
5827,701
5828,101
5829,101
5830,301
5831,101
5832,201
5833,501
5834,601
5835,701
5836,1001
5837,901
5838,1001
5839,101
5840,201
5841,301
5842,401
5843,501
5844,601
5845,701
5846,801
5847,901
5848,101
5849,201
5850,301
5851,401
5852,501
5853,601
5854,701
5855,801
5856,901
5857,1001
5858,901
5859,1001
5860,201
5861,401
5862,801
5863,401
5864,301
5865,901
5866,101
5867,801
5868,601
5869,1001
5870,1001
5871,101
5872,1001
5873,201
5874,201
5875,601
5876,901
5877,901
5878,701
5879,401
5880,301
5881,201
5882,901
5883,401
5884,301
5885,701
5886,601
5887,701
5888,301
5889,101
5890,201
5891,101
5892,701
5893,401
5894,201
5895,1001
5896,301
5897,201
5898,1001
5899,701
5900,101
5901,501
5902,701
5903,201
5904,801
5905,401
5906,901
5907,801
5908,301
5909,1001
5910,701
5911,601
5912,901
5913,101
5914,401
5915,801
5916,201
5917,701
5918,201
5919,101
5920,1001
5921,701
5922,301
5923,401
5924,501
5925,301
5926,401
5927,501
5928,501
5929,701
5930,101
5931,101
5932,301
5933,101
5934,201
5935,301
5936,401
5937,1001
5938,401
5939,701
5940,801
5941,901
5942,1001
5943,101
5944,201
5945,301
5946,401
5947,501
5948,601
5949,701
5950,801
5951,901
5952,1001
5953,101
5954,201
5955,301
5956,901
5957,501
5958,601
5959,701
5960,801
5961,901
5962,1001
5963,901
5964,701
5965,601
5966,101
5967,701
5968,901
5969,1001
5970,501
5971,201
5972,1001
5973,601
5974,901
5975,101
5976,1001
5977,901
5978,1001
5979,201
5980,501
5981,101
5982,601
5983,401
5984,301
5985,201
5986,901
5987,501
5988,101
5989,801
5990,701
5991,101
5992,201
5993,1001
5994,101
5995,701
5996,901
5997,1001
5998,601
5999,201
6000,801
6001,1001
6002,901
6003,701
6004,101
6005,901
6006,201
6007,801
6008,801
6009,201
6010,401
6011,301
6012,401
6013,201
6014,501
6015,301
6016,101
6017,101
6018,801
6019,901
6020,1001
6021,701
6022,501
6023,1001
6024,601
6025,901
6026,501
6027,201
6028,301
6029,601
6030,701
6031,401
6032,701
6033,1001
6034,701
6035,401
6036,101
6037,301
6038,1001
6039,501
6040,1001
6041,101
6042,301
6043,901
6044,601
6045,201
6046,901
6047,401
6048,1001
6049,801
6050,901
6051,801
6052,301
6053,301
6054,601
6055,801
6056,1001
6057,901
6058,301
6059,201
6060,901
6061,201
6062,401
6063,101
6064,201
6065,301
6066,901
6067,501
6068,601
6069,701
6070,801
6071,901
6072,401
6073,101
6074,201
6075,301
6076,401
6077,501
6078,601
6079,701
6080,801
6081,901
6082,401
6083,101
6084,201
6085,301
6086,401
6087,501
6088,601
6089,701
6090,801
6091,901
6092,101
6093,201
6094,901
6095,701
6096,601
6097,401
6098,101
6099,801
6100,101
6101,501
6102,201
6103,501
6104,401
6105,701
6106,801
6107,301
6108,401
6109,201
6110,701
6111,201
6112,301
6113,901
6114,701
6115,101
6116,201
6117,401
6118,101
6119,301
6120,801
6121,601
6122,801
6123,701
6124,301
6125,1001
6126,201
6127,901
6128,101
6129,701
6130,101
6131,701
6132,101
6133,301
6134,101
6135,701
6136,201
6137,601
6138,901
6139,501
6140,401
6141,101
6142,201
6143,601
6144,501
6145,501
6146,901
6147,601
6148,801
6149,601
6150,801
6151,901
6152,401
6153,501
6154,301
6155,901
6156,601
6157,301
6158,101
6159,801
6160,201
6161,401
6162,901
6163,201
6164,101
6165,801
6166,601
6167,401
6168,701
6169,601
6170,501
6171,801
6172,801
6173,601
6174,101
6175,401
6176,501
6177,501
6178,401
6179,901
6180,701
6181,301
6182,101
6183,201
6184,301
6185,401
6186,501
6187,601
6188,701
6189,801
6190,901
6191,1001
6192,101
6193,201
6194,301
6195,401
6196,501
6197,601
6198,701
6199,801
6200,901
6201,1001
6202,101
6203,201
6204,301
6205,401
6206,501
6207,601
6208,701
6209,801
6210,901
6211,1001
6212,101
6213,901
6214,401
6215,1001
6216,601
6217,601
6218,301
6219,701
6220,901
6221,501
6222,1001
6223,201
6224,801
6225,201
6226,301
6227,401
6228,601
6229,1001
6230,701
6231,1001
6232,201
6233,201
6234,201
6235,301
6236,1001
6237,601
6238,701
6239,901
6240,201
6241,301
6242,101
6243,801
6244,801
6245,601
6246,901
6247,301
6248,1001
6249,901
6250,1001
6251,101
6252,501
6253,701
6254,801
6255,201
6256,401
6257,501
6258,601
6259,701
6260,101
6261,401
6262,701
6263,901
6264,801
6265,101
6266,501
6267,301
6268,801
6269,501
6270,801
6271,601
6272,501
6273,401
6274,501
6275,301
6276,901
6277,201
6278,601
6279,201
6280,301
6281,101
6282,301
6283,601
6284,701
6285,501
6286,401
6287,101
6288,101
6289,101
6290,401
6291,401
6292,601
6293,801
6294,101
6295,701
6296,501
6297,901
6298,901
6299,701
6300,401
6301,501
6302,701
6303,1001
6304,1001
6305,401
6306,301
6307,801
6308,801
6309,201
6310,101
6311,201
6312,301
6313,401
6314,501
6315,601
6316,701
6317,801
6318,901
6319,1001
6320,101
6321,201
6322,301
6323,401
6324,501
6325,601
6326,701
6327,801
6328,901
6329,101
6330,201
6331,301
6332,401
6333,501
6334,601
6335,701
6336,801
6337,901
6338,301
6339,201
6340,801
6341,301
6342,601
6343,101
6344,901
6345,101
6346,301
6347,801
6348,701
6349,901
6350,401
6351,701
6352,101
6353,301
6354,801
6355,701
6356,701
6357,201
6358,301
6359,901
6360,901
6361,801
6362,801
6363,501
6364,801
6365,801
6366,401
6367,801
6368,501
6369,601
6370,501
6371,401
6372,401
6373,901
6374,501
6375,201
6376,201
6377,1001
6378,801
6379,501
6380,401
6381,801
6382,401
6383,401
6384,101
6385,301
6386,601
6387,601
6388,701
6389,701
6390,401
6391,601
6392,701
6393,601
6394,1001
6395,1001
6396,901
6397,501
6398,201
6399,101
6400,701
6401,701
6402,1001
6403,701
6404,901
6405,901
6406,601
6407,701
6408,201
6409,201
6410,1001
6411,901
6412,1001
6413,301
6414,401
6415,601
6416,601
6417,1001
6418,501
6419,301
6420,201
6421,1001
6422,401
6423,1001
6424,301
6425,101
6426,301
6427,701
6428,501
6429,101
6430,101
6431,201
6432,301
6433,901
6434,501
6435,501
6436,901
6437,1001
6438,101
6439,201
6440,301
6441,401
6442,801
6443,901
6444,1001
6445,101
6446,201
6447,301
6448,401
6449,501
6450,801
6451,901
6452,1001
6453,801
6454,401
6455,101
6456,401
6457,201
6458,901
6459,801
6460,701
6461,501
6462,101
6463,301
6464,701
6465,901
6466,401
6467,301
6468,901
6469,201
6470,301
6471,101
6472,801
6473,201
6474,101
6475,501
6476,501
6477,601
6478,901
6479,101
6480,701
6481,301
6482,401
6483,201
6484,601
6485,201
6486,901
6487,601
6488,1001
6489,501
6490,101
6491,801
6492,601
6493,901
6494,901
6495,401
6496,901
6497,1001
6498,301
6499,701
6500,301
6501,601
6502,401
6503,201
6504,801
6505,401
6506,101
6507,201
6508,1001
6509,1001
6510,701
6511,101
6512,401
6513,1001
6514,301
6515,901
6516,201
6517,501
6518,401
6519,601
6520,301
6521,1001
6522,301
6523,601
6524,901
6525,1001
6526,601
6527,101
6528,201
6529,301
6530,501
6531,601
6532,701
6533,101
6534,201
6535,301
6536,401
6537,501
6538,601
6539,701
6540,801
6541,201
6542,301
6543,401
6544,501
6545,601
6546,201
6547,101
6548,501
6549,601
6550,701
6551,701
6552,401
6553,501
6554,501
6555,301
6556,1001
6557,201
6558,101
6559,701
6560,501
6561,401
6562,801
6563,301
6564,401
6565,401
6566,1001
6567,301
6568,101
6569,501
6570,401
6571,401
6572,1001
6573,201
6574,601
6575,701
6576,401
6577,801
6578,801
6579,901
6580,501
6581,101
6582,301
6583,501
6584,101
6585,301
6586,501
6587,801
6588,901
6589,101
6590,801
6591,101
6592,701
6593,1001
6594,401
6595,301
6596,901
6597,701
6598,801
6599,701
6600,801
6601,601
6602,201
6603,101
6604,1001
6605,201
6606,701
6607,801
6608,301
6609,1001
6610,801
6611,1001
6612,601
6613,901
6614,701
6615,301
6616,701
6617,301
6618,901
6619,201
6620,801
6621,601
6622,101
6623,201
6624,201
6625,401
6626,901
6627,501
6628,501
6629,201
6630,901
6631,701
6632,901
6633,1001
6634,101
6635,201
6636,301
6637,401
6638,501
6639,601
6640,701
6641,801
6642,601
6643,501
6644,101
6645,201
6646,301
6647,401
6648,501
6649,801
6650,901
6651,1001
6652,501
6653,201
6654,801
6655,901
6656,1001
6657,1001
6658,601
6659,1001
6660,901
6661,501
6662,201
6663,801
6664,801
6665,401
6666,401
6667,801
6668,701
6669,701
6670,701
6671,201
6672,1001
6673,101
6674,201
6675,801
6676,701
6677,401
6678,301
6679,201
6680,801
6681,201
6682,401
6683,1001
6684,201
6685,801
6686,701
6687,901
6688,501
6689,201
6690,501
6691,401
6692,701
6693,1001
6694,701
6695,201
6696,501
6697,501
6698,801
6699,301
6700,501
6701,501
6702,101
6703,201
6704,301
6705,401
6706,501
6707,801
6708,701
6709,801
6710,901
6711,1001
6712,101
6713,201
6714,301
6715,401
6716,501
6717,601
6718,701
6719,1001
6720,101
6721,201
6722,501
6723,401
6724,501
6725,801
6726,901
6727,201
6728,401
6729,601
6730,201
6731,801
6732,801
6733,301
6734,201
6735,501
6736,901
6737,401
6738,501
6739,501
6740,401
6741,101
6742,801
6743,501
6744,201
6745,901
6746,401
6747,501
6748,1001
6749,201
6750,701
6751,101
6752,201
6753,101
6754,101
6755,301
6756,901
6757,801
6758,201
6759,201
6760,501
6761,101
6762,501
6763,801
6764,401
6765,701
6766,901
6767,101
6768,401
6769,301
6770,901
6771,101
6772,701
6773,1001
6774,301
6775,701
6776,901
6777,901
6778,701
6779,1001
6780,101
6781,501
6782,101
6783,701
6784,701
6785,501
6786,501
6787,101
6788,1001
6789,601
6790,201
6791,401
6792,801
6793,701
6794,1001
6795,401
6796,101
6797,801
6798,301
6799,101
6800,201
6801,301
6802,401
6803,501
6804,601
6805,701
6806,801
6807,901
6808,1001
6809,101
6810,201
6811,301
6812,401
6813,501
6814,601
6815,701
6816,801
6817,901
6818,1001
6819,101
6820,201
6821,301
6822,401
6823,501
6824,601
6825,701
6826,801
6827,901
6828,1001
6829,301
6830,201
6831,801
6832,301
6833,601
6834,101
6835,901
6836,101
6837,301
6838,801
6839,901
6840,901
6841,401
6842,101
6843,701
6844,101
6845,301
6846,801
6847,701
6848,501
6849,201
6850,301
6851,901
6852,901
6853,801
6854,801
6855,501
6856,801
6857,801
6858,401
6859,801
6860,501
6861,601
6862,501
6863,401
6864,401
6865,901
6866,501
6867,601
6868,501
6869,201
6870,201
6871,1001
6872,801
6873,501
6874,401
6875,801
6876,401
6877,401
6878,101
6879,701
6880,601
6881,601
6882,701
6883,401
6884,201
6885,601
6886,701
6887,601
6888,1001
6889,1001
6890,901
6891,501
6892,201
6893,101
6894,701
6895,101
6896,1001
6897,701
6898,901
6899,901
6900,601
6901,701
6902,201
6903,201
6904,1001
6905,901
6906,1001
6907,701
6908,401
6909,601
6910,601
6911,1001
6912,501
6913,301
6914,201
6915,201
6916,501
6917,1001
6918,201
6919,401
6920,801
6921,301
6922,101
6923,701
6924,101
6925,501
6926,101
6927,501
6928,101
6929,201
6930,301
6931,401
6932,501
6933,601
6934,701
6935,801
6936,901
6937,1001
6938,101
6939,201
6940,301
6941,401
6942,501
6943,601
6944,701
6945,801
6946,901
6947,1001
6948,101
6949,201
6950,301
6951,401
6952,501
6953,601
6954,701
6955,801
6956,901
6957,1001
6958,401
6959,901
6960,101
6961,801
6962,201
6963,101
6964,801
6965,601
6966,601
6967,701
6968,1001
6969,101
6970,201
6971,101
6972,101
6973,901
6974,401
6975,501
6976,401
6977,201
6978,601
6979,101
6980,101
6981,1001
6982,601
6983,401
6984,501
6985,1001
6986,401
6987,801
6988,701
6989,1001
6990,301
6991,501
6992,601
6993,801
6994,301
6995,701
6996,501
6997,1001
6998,501
6999,1001
7000,501
7001,201
7002,301
7003,301
7004,601
7005,901
7006,201
7007,401
7008,301
7009,1001
7010,501
7011,401
7012,901
7013,301
7014,301
7015,201
7016,301
7017,901
7018,701
7019,601
7020,201
7021,701
7022,801
7023,301
7024,201
7025,401
7026,1001
7027,401
7028,901
7029,801
7030,601
7031,801
7032,101
7033,801
7034,501
7035,901
7036,901
7037,601
7038,101
7039,701
7040,701
7041,401
7042,801
7043,701
7044,1001
7045,1001
7046,501
7047,901
7048,501
7049,201
7050,101
7051,701
7052,701
7053,101
7054,201
7055,301
7056,401
7057,501
7058,601
7059,701
7060,801
7061,901
7062,1001
7063,101
7064,201
7065,301
7066,401
7067,501
7068,601
7069,701
7070,801
7071,901
7072,1001
7073,101
7074,201
7075,301
7076,401
7077,501
7078,601
7079,701
7080,801
7081,901
7082,1001
7083,801
7084,501
7085,101
7086,501
7087,101
7088,201
7089,801
7090,1001
7091,601
7092,201
7093,501
7094,301
7095,1001
7096,1001
7097,501
7098,401
7099,801
7100,901
7101,301
7102,501
7103,501
7104,401
7105,401
7106,701
7107,1001
7108,1001
7109,601
7110,901
7111,701
7112,801
7113,101
7114,701
7115,901
7116,301
7117,701
7118,401
7119,1001
7120,401
7121,301
7122,1001
7123,701
7124,201
7125,801
7126,501
7127,901
7128,901
7129,1001
7130,101
7131,1001
7132,401
7133,1001
7134,101
7135,601
7136,301
7137,1001
7138,501
7139,201
7140,101
7141,401
7142,801
7143,601
7144,901
7145,801
7146,801
7147,901
7148,301
7149,1001
7150,801
7151,201
7152,301
7153,701
7154,1001
7155,301
7156,601
7157,301
7158,401
7159,701
7160,701
7161,601
7162,101
7163,101
7164,301
7165,901
7166,201
7167,701
7168,201
7169,101
7170,501
7171,401
7172,201
7173,701
7174,201
7175,1001
7176,101
7177,201
7178,501
7179,601
7180,701
7181,801
7182,901
7183,1001
7184,201
7185,301
7186,401
7187,501
7188,601
7189,701
7190,801
7191,101
7192,201
7193,301
7194,401
7195,501
7196,601
7197,701
7198,801
7199,901
7200,1001
7201,901
7202,501
7203,101
7204,101
7205,801
7206,301
7207,501
7208,401
7209,901
7210,701
7211,701
7212,401
7213,501
7214,701
7215,401
7216,401
7217,701
7218,201
7219,501
7220,801
7221,401
7222,101
7223,401
7224,201
7225,1001
7226,101
7227,201
7228,1001
7229,201
7230,301
7231,801
7232,101
7233,201
7234,401
7235,901
7236,1001
7237,1001
7238,301
7239,801
7240,701
7241,601
7242,901
7243,1001
7244,1001
7245,901
7246,301
7247,1001
7248,201
7249,401
7250,301
7251,401
7252,501
7253,401
7254,201
7255,1001
7256,101
7257,1001
7258,401
7259,701
7260,901
7261,801
7262,101
7263,201
7264,101
7265,601
7266,401
7267,301
7268,801
7269,801
7270,101
7271,201
7272,301
7273,401
7274,501
7275,601
7276,701
7277,801
7278,901
7279,1001
7280,101
7281,201
7282,301
7283,401
7284,501
7285,601
7286,701
7287,801
7288,901
7289,1001
7290,101
7291,201
7292,301
7293,401
7294,501
7295,601
7296,701
7297,801
7298,901
7299,1001
7300,201
7301,801
7302,501
7303,901
7304,201
7305,601
7306,701
7307,601
7308,801
7309,301
7310,901
7311,701
7312,401
7313,401
7314,901
7315,701
7316,601
7317,501
7318,101
7319,1001
7320,201
7321,801
7322,301
7323,1001
7324,201
7325,601
7326,201
7327,401
7328,301
7329,301
7330,401
7331,101
7332,701
7333,501
7334,401
7335,801
7336,701
7337,1001
7338,101
7339,901
7340,901
7341,201
7342,501
7343,101
7344,701
7345,201
7346,301
7347,701
7348,1001
7349,301
7350,301
7351,401
7352,601
7353,601
7354,201
7355,101
7356,801
7357,801
7358,1001
7359,701
7360,301
7361,1001
7362,501
7363,801
7364,101
7365,301
7366,401
7367,501
7368,101
7369,101
7370,901
7371,901
7372,901
7373,601
7374,201
7375,401
7376,801
7377,501
7378,1001
7379,901
7380,901
7381,1001
7382,101
7383,1001
7384,901
7385,1001
7386,101
7387,301
7388,701
7389,601
7390,701
7391,801
7392,501
7393,801
7394,601
7395,501
7396,201
7397,401
7398,601
7399,401
7400,201
7401,301
7402,401
7403,501
7404,601
7405,701
7406,201
7407,301
7408,401
7409,501
7410,701
7411,101
7412,201
7413,301
7414,501
7415,601
7416,701
7417,801
7418,901
7419,201
7420,801
7421,301
7422,501
7423,201
7424,501
7425,201
7426,501
7427,1001
7428,701
7429,901
7430,501
7431,601
7432,401
7433,301
7434,301
7435,901
7436,401
7437,401
7438,601
7439,701
7440,801
7441,101
7442,701
7443,201
7444,701
7445,901
7446,801
7447,101
7448,201
7449,601
7450,101
7451,901
7452,701
7453,101
7454,201
7455,601
7456,901
7457,501
7458,301
7459,401
7460,1001
7461,801
7462,701
7463,1001
7464,201
7465,1001
7466,101
7467,701
7468,801
7469,201
7470,301
7471,401
7472,1001
7473,301
7474,501
7475,601
7476,601
7477,401
7478,801
7479,601
7480,401
7481,201
7482,901
7483,301
7484,301
7485,401
7486,101
7487,301
7488,501
7489,501
7490,1001
7491,801
7492,101
7493,801
7494,801
7495,501
7496,1001
7497,1001
7498,301
7499,401
7500,1001
7501,901
7502,401
7503,901
7504,701
7505,801
7506,101
7507,101
7508,201
7509,301
7510,401
7511,501
7512,601
7513,701
7514,801
7515,901
7516,1001
7517,101
7518,201
7519,301
7520,401
7521,501
7522,601
7523,701
7524,801
7525,901
7526,1001
7527,101
7528,201
7529,301
7530,401
7531,501
7532,601
7533,701
7534,801
7535,901
7536,1001
7537,101
7538,101
7539,801
7540,301
7541,701
7542,501
7543,601
7544,401
7545,801
7546,1001
7547,701
7548,701
7549,701
7550,701
7551,501
7552,401
7553,901
7554,901
7555,401
7556,101
7557,201
7558,1001
7559,101
7560,601
7561,501
7562,201
7563,1001
7564,201
7565,301
7566,801
7567,101
7568,201
7569,401
7570,901
7571,301
7572,1001
7573,301
7574,801
7575,501
7576,301
7577,701
7578,601
7579,601
7580,501
7581,501
7582,201
7583,201
7584,601
7585,801
7586,701
7587,901
7588,301
7589,1001
7590,501
7591,401
7592,201
7593,1001
7594,101
7595,1001
7596,401
7597,701
7598,901
7599,801
7600,101
7601,201
7602,101
7603,601
7604,901
7605,301
7606,801
7607,801
7608,101
7609,201
7610,301
7611,401
7612,501
7613,601
7614,701
7615,801
7616,901
7617,1001
7618,101
7619,201
7620,301
7621,401
7622,501
7623,601
7624,901
7625,1001
7626,101
7627,201
7628,301
7629,401
7630,501
7631,601
7632,701
7633,801
7634,901
7635,1001
7636,401
7637,201
7638,401
7639,201
7640,401
7641,1001
7642,501
7643,901
7644,601
7645,401
7646,801
7647,101
7648,801
7649,801
7650,601
7651,801
7652,1001
7653,1001
7654,501
7655,801
7656,101
7657,401
7658,501
7659,201
7660,601
7661,901
7662,201
7663,501
7664,901
7665,501
7666,201
7667,901
7668,701
7669,701
7670,501
7671,701
7672,101
7673,901
7674,901
7675,401
7676,401
7677,601
7678,801
7679,301
7680,601
7681,1001
7682,701
7683,1001
7684,301
7685,701
7686,301
7687,201
7688,301
7689,101
7690,901
7691,401
7692,601
7693,401
7694,101
7695,901
7696,801
7697,501
7698,1001
7699,601
7700,101
7701,1001
7702,801
7703,101
7704,101
7705,501
7706,701
7707,101
7708,1001
7709,201
7710,701
7711,301
7712,801
7713,701
7714,901
7715,401
7716,601
7717,301
7718,201
7719,901
7720,401
7721,901
7722,701
7723,201
7724,101
7725,701
7726,201
7727,501
7728,101
7729,201
7730,301
7731,401
7732,501
7733,601
7734,701
7735,801
7736,901
7737,1001
7738,101
7739,201
7740,301
7741,401
7742,501
7743,601
7744,701
7745,801
7746,901
7747,1001
7748,101
7749,201
7750,301
7751,401
7752,501
7753,601
7754,701
7755,801
7756,901
7757,1001
7758,801
7759,701
7760,501
7761,801
7762,701
7763,301
7764,401
7765,501
7766,901
7767,801
7768,901
7769,701
7770,1001
7771,901
7772,401
7773,301
7774,301
7775,901
7776,501
7777,901
7778,601
7779,701
7780,601
7781,101
7782,301
7783,101
7784,201
7785,201
7786,301
7787,1001
7788,701
7789,901
7790,301
7791,201
7792,101
7793,701
7794,601
7795,301
7796,1001
7797,801
7798,301
7799,401
7800,1001
7801,401
7802,801
7803,201
7804,901
7805,401
7806,901
7807,201
7808,1001
7809,601
7810,601
7811,101
7812,201
7813,901
7814,1001
7815,901
7816,301
7817,701
7818,101
7819,501
7820,601
7821,101
7822,401
7823,301
7824,301
7825,701
7826,801
7827,901
7828,1001
7829,1001
7830,401
7831,101
7832,401
7833,201
7834,501
7835,501
7836,101
7837,501
7838,1001
7839,101
7840,901
7841,301
7842,401
7843,901
7844,701
7845,801
7846,901
7847,101
7848,901
7849,301
7850,401
7851,901
7852,101
7853,801
7854,901
7855,501
7856,101
7857,901
7858,1001
7859,301
7860,501
7861,601
7862,801
7863,901
7864,1001
7865,1001
7866,801
7867,101
7868,1001
7869,101
7870,201
7871,501
7872,901
7873,901
7874,101
7875,1001
7876,401
7877,301
7878,801
7879,901
7880,501
7881,701
7882,201
7883,101
7884,501
7885,1001
7886,501
7887,1001
7888,101
7889,501
7890,101
7891,201
7892,701
7893,1001
7894,401
7895,301
7896,1001
7897,201
7898,701
7899,101
7900,901
7901,901
7902,901
7903,801
7904,801
7905,701
7906,301
7907,701
7908,101
7909,801
7910,301
7911,501
7912,201
7913,801
7914,101
7915,701
7916,1001
7917,901
7918,1001
7919,901
7920,901
7921,901
7922,201
7923,301
7924,901
7925,801
7926,701
7927,901
7928,801
7929,901
7930,701
7931,301
7932,1001
7933,401
7934,101
7935,201
7936,301
7937,401
7938,501
7939,601
7940,701
7941,801
7942,901
7943,1001
7944,101
7945,201
7946,701
7947,401
7948,501
7949,601
7950,701
7951,801
7952,901
7953,1001
7954,101
7955,201
7956,301
7957,401
7958,501
7959,601
7960,701
7961,801
7962,901
7963,1001
7964,901
7965,1001
7966,601
7967,801
7968,101
7969,401
7970,201
7971,701
7972,901
7973,501
7974,201
7975,601
7976,701
7977,501
7978,301
7979,801
7980,901
7981,201
7982,401
7983,501
7984,401
7985,501
7986,801
7987,301
7988,101
7989,601
7990,101
7991,901
7992,1001
7993,301
7994,401
7995,301
7996,401
7997,601
7998,601
7999,801
8000,101
8001,501
8002,1001
8003,1001
8004,801
8005,201
8006,201
8007,1001
8008,101
8009,801
8010,901
8011,401
8012,501
8013,901
8014,701
8015,401
8016,901
8017,101
8018,1001
8019,701
8020,301
8021,901
8022,101
8023,201
8024,101
8025,701
8026,301
8027,401
8028,901
8029,1001
8030,101
8031,801
8032,301
8033,401
8034,501
8035,601
8036,601
8037,301
8038,901
8039,601
8040,501
8041,701
8042,701
8043,701
8044,801
8045,1001
8046,201
8047,901
8048,1001
8049,201
8050,601
8051,401
8052,501
8053,801
8054,1001
8055,501
8056,101
8057,101
8058,101
8059,201
8060,301
8061,401
8062,501
8063,901
8064,701
8065,801
8066,901
8067,1001
8068,101
8069,201
8070,301
8071,401
8072,501
8073,401
8074,701
8075,801
8076,901
8077,1001
8078,101
8079,201
8080,301
8081,401
8082,701
8083,601
8084,701
8085,1001
8086,101
8087,201
8088,401
8089,201
8090,601
8091,201
8092,901
8093,501
8094,1001
8095,901
8096,901
8097,701
8098,901
8099,101
8100,201
8101,201
8102,1001
8103,301
8104,701
8105,701
8106,901
8107,801
8108,501
8109,301
8110,1001
8111,801
8112,101
8113,301
8114,201
8115,101
8116,401
8117,701
8118,101
8119,201
8120,301
8121,401
8122,501
8123,601
8124,701
8125,801
8126,901
8127,1001
8128,101
8129,201
8130,301
8131,401
8132,501
8133,601
8134,701
8135,801
8136,901
8137,1001
8138,101
8139,201
8140,301
8141,401
8142,501
8143,601
8144,701
8145,801
8146,901
8147,1001
8148,901
8149,701
8150,601
8151,1001
8152,801
8153,101
8154,301
8155,401
8156,501
8157,401
8158,901
8159,601
8160,201
8161,601
8162,301
8163,401
8164,101
8165,201
8166,301
8167,201
8168,401
8169,301
8170,701
8171,601
8172,401
8173,101
8174,801
8175,301
8176,801
8177,501
8178,701
8179,501
8180,101
8181,601
8182,1001
8183,1001
8184,601
8185,1001
8186,601
8187,401
8188,201
8189,801
8190,501
8191,801
8192,701
8193,601
8194,501
8195,101
8196,101
8197,101
8198,701
8199,301
8200,101
8201,701
8202,401
8203,801
8204,801
8205,501
8206,501
8207,401
8208,1001
8209,301
8210,901
8211,1001
8212,701
8213,101
8214,1001
8215,601
8216,401
8217,901
8218,901
8219,801
8220,201
8221,501
8222,101
8223,501
8224,901
8225,601
8226,301
8227,401
8228,1001
8229,101
8230,201
8231,1001
8232,201
8233,601
8234,201
8235,801
8236,501
8237,901
8238,701
8239,301
8240,201
8241,701
8242,901
8243,901
8244,101
8245,201
8246,301
8247,901
8248,501
8249,801
8250,901
8251,1001
8252,101
8253,201
8254,301
8255,401
8256,501
8257,701
8258,801
8259,901
8260,1001
8261,101
8262,201
8263,301
8264,401
8265,501
8266,801
8267,901
8268,1001
8269,201
8270,501
8271,601
8272,401
8273,601
8274,801
8275,1001
8276,601
8277,501
8278,601
8279,101
8280,701
8281,501
8282,701
8283,801
8284,101
8285,801
8286,801
8287,201
8288,701
8289,1001
8290,201
8291,601
8292,701
8293,301
8294,401
8295,601
8296,301
8297,901
8298,901
8299,1001
8300,601
8301,901
8302,901
8303,801
8304,201
8305,801
8306,201
8307,201
8308,101
8309,401
8310,501
8311,301
8312,701
8313,501
8314,801
8315,501
8316,301
8317,801
8318,501
8319,301
8320,1001
8321,301
8322,801
8323,1001
8324,301
8325,201
8326,101
8327,701
8328,601
8329,401
8330,501
8331,901
8332,601
8333,801
8334,701
8335,1001
8336,101
8337,701
8338,401
8339,101
8340,701
8341,201
8342,701
8343,101
8344,101
8345,201
8346,301
8347,401
8348,501
8349,601
8350,701
8351,801
8352,101
8353,201
8354,301
8355,401
8356,501
8357,801
8358,901
8359,1001
8360,101
8361,201
8362,301
8363,401
8364,501
8365,801
8366,301
8367,601
8368,201
8369,701
8370,501
8371,401
8372,1001
8373,1001
8374,101
8375,1001
8376,801
8377,201
8378,701
8379,501
8380,601
8381,701
8382,301
8383,101
8384,1001
8385,901
8386,701
8387,601
8388,801
8389,101
8390,101
8391,201
8392,801
8393,501
8394,401
8395,301
8396,501
8397,201
8398,401
8399,801
8400,701
8401,501
8402,801
8403,801
8404,801
8405,1001
8406,901
8407,1001
8408,401
8409,701
8410,301
8411,701
8412,401
8413,601
8414,601
8415,101
8416,601
8417,501
8418,801
8419,201
8420,401
8421,201
8422,801
8423,1001
8424,701
8425,301
8426,101
8427,1001
8428,201
8429,801
8430,401
8431,401
8432,1001
8433,201
8434,701
8435,501
8436,401
8437,1001
8438,901
8439,301
8440,201
8441,901
8442,701
8443,501
8444,201
8445,601
8446,601
8447,701
8448,601
8449,101
8450,201
8451,301
8452,401
8453,501
8454,601
8455,701
8456,801
8457,901
8458,1001
8459,101
8460,201
8461,301
8462,401
8463,501
8464,601
8465,701
8466,801
8467,901
8468,1001
8469,101
8470,201
8471,301
8472,401
8473,501
8474,601
8475,701
8476,801
8477,601
8478,1001
8479,701
8480,1001
8481,801
8482,101
8483,301
8484,401
8485,501
8486,401
8487,901
8488,601
8489,201
8490,401
8491,101
8492,201
8493,301
8494,201
8495,401
8496,301
8497,101
8498,801
8499,301
8500,701
8501,501
8502,101
8503,601
8504,1001
8505,1001
8506,901
8507,1001
8508,601
8509,401
8510,201
8511,801
8512,501
8513,801
8514,101
8515,101
8516,701
8517,701
8518,701
8519,401
8520,801
8521,1001
8522,301
8523,701
8524,1001
8525,901
8526,801
8527,201
8528,501
8529,101
8530,501
8531,901
8532,601
8533,301
8534,401
8535,1001
8536,101
8537,201
8538,1001
8539,201
8540,601
8541,201
8542,801
8543,701
8544,201
8545,301
8546,201
8547,701
8548,901
8549,101
8550,201
8551,301
8552,401
8553,501
8554,601
8555,701
8556,801
8557,901
8558,1001
8559,101
8560,201
8561,301
8562,401
8563,501
8564,601
8565,701
8566,801
8567,901
8568,101
8569,201
8570,301
8571,401
8572,601
8573,701
8574,801
8575,901
8576,201
8577,101
8578,501
8579,601
8580,701
8581,701
8582,401
8583,501
8584,501
8585,301
8586,901
8587,201
8588,101
8589,701
8590,501
8591,1001
8592,801
8593,301
8594,1001
8595,301
8596,101
8597,1001
8598,901
8599,401
8600,1001
8601,201
8602,601
8603,301
8604,401
8605,201
8606,701
8607,801
8608,401
8609,801
8610,901
8611,501
8612,101
8613,301
8614,501
8615,101
8616,301
8617,501
8618,801
8619,901
8620,101
8621,801
8622,101
8623,701
8624,1001
8625,401
8626,301
8627,501
8628,901
8629,701
8630,101
8631,601
8632,801
8633,601
8634,201
8635,101
8636,901
8637,201
8638,701
8639,801
8640,401
8641,1001
8642,801
8643,1001
8644,601
8645,701
8646,601
8647,301
8648,701
8649,301
8650,901
8651,201
8652,801
8653,601
8654,601
8655,801
8656,401
8657,601
8658,101
8659,201
8660,201
8661,401
8662,901
8663,501
8664,1001
8665,501
8666,601
8667,201
8668,901
8669,701
8670,901
8671,1001
8672,101
8673,201
8674,301
8675,401
8676,501
8677,601
8678,701
8679,801
8680,901
8681,1001
8682,101
8683,201
8684,301
8685,401
8686,501
8687,601
8688,701
8689,801
8690,901
8691,1001
8692,101
8693,201
8694,301
8695,401
8696,501
8697,601
8698,701
8699,801
8700,901
8701,1001
8702,401
8703,601
8704,401
8705,301
8706,1001
8707,401
8708,301
8709,201
8710,501
8711,601
8712,601
8713,301
8714,401
8715,301
8716,201
8717,401
8718,1001
8719,801
8720,301
8721,201
8722,301
8723,901
8724,1001
8725,201
8726,901
8727,901
8728,801
8729,901
8730,201
8731,101
8732,101
8733,701
8734,801
8735,801
8736,901
8737,801
8738,601
8739,101
8740,701
8741,201
8742,601
8743,801
8744,501
8745,701
8746,201
8747,301
8748,601
8749,101
8750,801
8751,1001
8752,1001
8753,101
8754,401
8755,501
8756,501
8757,901
8758,501
8759,201
8760,901
8761,701
8762,601
8763,1001
8764,101
8765,101
8766,101
8767,401
8768,801
8769,201
8770,701
8771,501
8772,701
8773,101
8774,501
8775,601
8776,501
8777,201
8778,401
8779,901
8780,701
8781,401
8782,1001
8783,1001
8784,601
8785,1001
8786,401
8787,801
8788,901
8789,601
8790,701
8791,501
8792,801
8793,701
8794,301
8795,301
8796,101
8797,1001
8798,501
8799,101
8800,201
8801,301
8802,401
8803,501
8804,601
8805,701
8806,801
8807,901
8808,1001
8809,101
8810,201
8811,301
8812,401
8813,501
8814,601
8815,701
8816,801
8817,901
8818,1001
8819,101
8820,201
8821,301
8822,401
8823,501
8824,601
8825,701
8826,801
8827,901
8828,1001
8829,701
8830,501
8831,301
8832,701
8833,501
8834,801
8835,601
8836,601
8837,501
8838,801
8839,301
8840,1001
8841,401
8842,1001
8843,401
8844,901
8845,301
8846,101
8847,1001
8848,601
8849,701
8850,101
8851,201
8852,101
8853,701
8854,601
8855,401
8856,601
8857,401
8858,901
8859,101
8860,101
8861,401
8862,501
8863,201
8864,701
8865,401
8866,101
8867,901
8868,401
8869,101
8870,701
8871,301
8872,801
8873,901
8874,201
8875,801
8876,201
8877,401
8878,901
8879,601
8880,501
8881,301
8882,101
8883,1001
8884,801
8885,701
8886,801
8887,501
8888,201
8889,701
8890,301
8891,701
8892,801
8893,201
8894,1001
8895,901
8896,101
8897,701
8898,1001
8899,501
8900,1001
8901,1001
8902,701
8903,301
8904,401
8905,801
8906,201
8907,1001
8908,301
8909,301
8910,601
8911,401
8912,801
8913,901
8914,101
8915,201
8916,301
8917,401
8918,501
8919,801
8920,901
8921,1001
8922,101
8923,201
8924,301
8925,401
8926,501
8927,801
8928,901
8929,1001
8930,101
8931,201
8932,801
8933,901
8934,1001
8935,901
8936,1001
8937,301
8938,701
8939,201
8940,401
8941,601
8942,501
8943,901
8944,301
8945,701
8946,501
8947,401
8948,501
8949,601
8950,1001
8951,301
8952,101
8953,1001
8954,1001
8955,501
8956,1001
8957,801
8958,401
8959,901
8960,801
8961,501
8962,501
8963,1001
8964,901
8965,601
8966,901
8967,301
8968,701
8969,701
8970,301
8971,401
8972,201
8973,401
8974,301
8975,801
8976,401
8977,201
8978,1001
8979,101
8980,201
8981,201
8982,401
8983,601
8984,101
8985,801
8986,901
8987,201
8988,601
8989,201
8990,501
8991,701
8992,101
8993,101
8994,501
8995,1001
8996,201
8997,701
8998,701
8999,1001
9000,101
9001,801
9002,701
9003,201
9004,201
9005,101
9006,201
9007,301
9008,901
9009,501
9010,301
9011,901
9012,401
9013,501
9014,701
9015,701
9016,301
9017,101
9018,201
9019,301
9020,301
9021,901
9022,701
9023,401
9024,1001
9025,301
9026,201
9027,501
9028,401
9029,1001
9030,701
9031,201
9032,801
9033,301
9034,501
9035,501
9036,601
9037,301
9038,101
9039,101
9040,201
9041,701
9042,701
9043,901
9044,301
9045,801
9046,301
9047,301
9048,501
9049,301
9050,201
9051,701
9052,201
9053,101
9054,701
9055,1001
9056,901
9057,401
9058,1001
9059,701
9060,401
9061,101
9062,201
9063,301
9064,401
9065,501
9066,601
9067,701
9068,801
9069,901
9070,1001
9071,101
9072,901
9073,301
9074,401
9075,501
9076,601
9077,701
9078,801
9079,901
9080,1001
9081,101
9082,201
9083,301
9084,401
9085,501
9086,601
9087,701
9088,801
9089,901
9090,1001
9091,201
9092,701
9093,901
9094,1001
9095,1001
9096,101
9097,201
9098,301
9099,501
9100,501
9101,401
9102,801
9103,501
9104,501
9105,501
9106,101
9107,401
9108,901
9109,801
9110,601
9111,901
9112,301
9113,201
9114,801
9115,601
9116,401
9117,901
9118,601
9119,301
9120,601
9121,201
9122,201
9123,701
9124,301
9125,201
9126,401
9127,901
9128,701
9129,501
9130,301
9131,701
9132,301
9133,601
9134,601
9135,101
9136,301
9137,901
9138,101
9139,701
9140,901
9141,201
9142,801
9143,1001
9144,201
9145,1001
9146,301
9147,701
9148,801
9149,701
9150,701
9151,901
9152,801
9153,501
9154,1001
9155,301
9156,201
9157,401
9158,401
9159,101
9160,601
9161,601
9162,901
9163,101
9164,401
9165,801
9166,1001
9167,801
9168,101
9169,901
9170,801
9171,1001
9172,201
9173,801
9174,901
9175,101
9176,401
9177,601
9178,401
9179,701
9180,101
9181,201
9182,301
9183,901
9184,501
9185,601
9186,701
9187,801
9188,901
9189,1001
9190,101
9191,201
9192,301
9193,401
9194,501
9195,601
9196,701
9197,801
9198,901
9199,1001
9200,101
9201,201
9202,301
9203,401
9204,501
9205,801
9206,901
9207,1001
9208,701
9209,501
9210,301
9211,701
9212,1001
9213,801
9214,901
9215,801
9216,301
9217,1001
9218,401
9219,1001
9220,401
9221,101
9222,101
9223,201
9224,101
9225,501
9226,301
9227,701
9228,401
9229,601
9230,401
9231,101
9232,401
9233,501
9234,201
9235,601
9236,401
9237,101
9238,901
9239,401
9240,101
9241,701
9242,201
9243,801
9244,901
9245,101
9246,1001
9247,301
9248,701
9249,801
9250,201
9251,1001
9252,701
9253,1001
9254,501
9255,1001
9256,1001
9257,701
9258,801
9259,201
9260,301
9261,601
9262,401
9263,801
9264,901
9265,101
9266,201
9267,301
9268,501
9269,601
9270,701
9271,801
9272,901
9273,1001
9274,101
9275,201
9276,401
9277,501
9278,601
9279,701
9280,801
9281,601
9282,101
9283,201
9284,401
9285,501
9286,801
9287,901
9288,1001
9289,801
9290,601
9291,601
9292,201
9293,1001
9294,1001
9295,801
9296,201
9297,101
9298,101
9299,601
9300,1001
9301,801
9302,201
9303,801
9304,301
9305,301
9306,401
9307,701
9308,901
9309,401
9310,301
9311,101
9312,101
9313,701
9314,201
9315,801
9316,601
9317,401
9318,501
9319,301
9320,1001
9321,501
9322,901
9323,901
9324,801
9325,201
9326,101
9327,901
9328,801
9329,801
9330,601
9331,901
9332,601
9333,401
9334,501
9335,701
9336,201
9337,201
9338,601
9339,601
9340,101
9341,801
9342,301
9343,401
9344,701
9345,501
9346,201
9347,301
9348,501
9349,201
9350,601
9351,501
9352,301
9353,101
9354,501
9355,901
9356,701
9357,201
9358,1001
9359,101
9360,301
9361,601
9362,701
9363,1001
9364,401
9365,701
9366,401
9367,701
9368,101
9369,201
9370,301
9371,401
9372,501
9373,601
9374,701
9375,801
9376,901
9377,1001
9378,101
9379,201
9380,301
9381,401
9382,501
9383,601
9384,701
9385,801
9386,901
9387,1001
9388,101
9389,201
9390,301
9391,401
9392,601
9393,701
9394,801
9395,901
9396,201
9397,101
9398,1001
9399,401
9400,801
9401,601
9402,201
9403,901
9404,701
9405,1001
9406,101
9407,501
9408,201
9409,1001
9410,401
9411,901
9412,501
9413,501
9414,801
9415,101
9416,201
9417,1001
9418,301
9419,901
9420,801
9421,901
9422,301
9423,401
9424,1001
9425,701
9426,101
9427,701
9428,601
9429,601
9430,401
9431,401
9432,401
9433,1001
9434,501
9435,201
9436,201
9437,101
9438,701
9439,201
9440,101
9441,101
9442,701
9443,301
9444,201
9445,201
9446,401
9447,701
9448,801
9449,801
9450,901
9451,901
9452,801
9453,901
9454,501
9455,701
9456,101
9457,301
9458,101
9459,801
9460,101
9461,401
9462,701
9463,901
9464,801
9465,201
9466,601
9467,1001
9468,1001
9469,401
9470,801
9471,301
9472,501
9473,1001
9474,501
9475,401
9476,701
9477,301
9478,301
9479,601
9480,401
9481,301
9482,601
9483,401
9484,1001
9485,501
9486,201
9487,801
9488,301
9489,101
9490,201
9491,301
9492,401
9493,501
9494,601
9495,701
9496,801
9497,901
9498,1001
9499,101
9500,201
9501,301
9502,401
9503,501
9504,601
9505,701
9506,801
9507,1001
9508,1001
9509,101
9510,201
9511,301
9512,401
9513,501
9514,601
9515,701
9516,801
9517,901
9518,1001
9519,201
9520,101
9521,201
9522,301
9523,801
9524,601
9525,401
9526,501
9527,501
9528,101
9529,101
9530,701
9531,1001
9532,701
9533,701
9534,601
9535,1001
9536,301
9537,401
9538,501
9539,1001
9540,801
9541,201
9542,501
9543,101
9544,801
9545,801
9546,601
9547,801
9548,301
9549,401
9550,201
9551,501
9552,501
9553,101
9554,1001
9555,1001
9556,701
9557,201
9558,901
9559,401
9560,401
9561,801
9562,401
9563,1001
9564,901
9565,901
9566,501
9567,801
9568,801
9569,701
9570,301
9571,201
9572,1001
9573,901
9574,801
9575,901
9576,901
9577,801
9578,301
9579,301
9580,401
9581,1001
9582,401
9583,401
9584,601
9585,601
9586,101
9587,801
9588,501
9589,601
9590,701
9591,601
9592,201
9593,501
9594,201
9595,201
9596,301
9597,901
9598,301
9599,701
9600,201
9601,601
9602,101
9603,201
9604,301
9605,401
9606,501
9607,601
9608,701
9609,801
9610,901
9611,1001
9612,101
9613,201
9614,301
9615,601
9616,501
9617,601
9618,701
9619,801
9620,901
9621,1001
9622,101
9623,201
9624,301
9625,901
9626,501
9627,601
9628,701
9629,801
9630,901
9631,901
9632,101
9633,701
9634,101
9635,401
9636,301
9637,401
9638,801
9639,1001
9640,501
9641,801
9642,201
9643,1001
9644,201
9645,801
9646,201
9647,501
9648,101
9649,101
9650,201
9651,801
9652,601
9653,801
9654,201
9655,401
9656,401
9657,401
9658,201
9659,701
9660,1001
9661,801
9662,201
9663,401
9664,101
9665,301
9666,701
9667,101
9668,901
9669,1001
9670,501
9671,401
9672,601
9673,501
9674,901
9675,201
9676,601
9677,1001
9678,101
9679,701
9680,601
9681,901
9682,901
9683,201
9684,501
9685,801
9686,601
9687,301
9688,101
9689,101
9690,201
9691,801
9692,901
9693,1001
9694,701
9695,901
9696,901
9697,301
9698,401
9699,601
9700,201
9701,901
9702,1001
9703,601
9704,301
9705,101
9706,201
9707,301
9708,401
9709,501
9710,601
9711,701
9712,801
9713,901
9714,1001
9715,101
9716,201
9717,601
9718,401
9719,501
9720,601
9721,701
9722,801
9723,901
9724,1001
9725,101
9726,201
9727,101
9728,401
9729,501
9730,701
9731,701
9732,801
9733,601
9734,1001
9735,801
9736,201
9737,701
9738,201
9739,901
9740,101
9741,501
9742,801
9743,401
9744,801
9745,201
9746,301
9747,801
9748,601
9749,901
9750,701
9751,401
9752,301
9753,101
9754,101
9755,601
9756,601
9757,701
9758,101
9759,401
9760,901
9761,201
9762,101
9763,401
9764,101
9765,901
9766,801
9767,501
9768,1001
9769,101
9770,1001
9771,101
9772,801
9773,201
9774,801
9775,201
9776,701
9777,701
9778,101
9779,701
9780,101
9781,901
9782,801
9783,701
9784,501
9785,1001
9786,1001
9787,601
9788,401
9789,801
9790,501
9791,401
9792,101
9793,901
9794,701
9795,701
9796,201
9797,201
9798,401
9799,301
9800,201
9801,101
9802,101
9803,201
9804,301
9805,401
9806,501
9807,801
9808,901
9809,501
9810,101
9811,201
9812,901
9813,401
9814,501
9815,601
9816,701
9817,801
9818,901
9819,101
9820,201
9821,301
9822,401
9823,501
9824,801
9825,901
9826,1001
9827,101
9828,901
9829,401
9830,1001
9831,601
9832,201
9833,901
9834,701
9835,901
9836,901
9837,201
9838,801
9839,201
9840,801
9841,401
9842,601
9843,701
9844,1001
9845,201
9846,201
9847,201
9848,301
9849,201
9850,301
9851,101
9852,801
9853,801
9854,601
9855,901
9856,901
9857,601
9858,901
9859,701
9860,801
9861,401
9862,501
9863,701
9864,901
9865,801
9866,101
9867,501
9868,901
9869,801
9870,801
9871,601
9872,501
9873,401
9874,501
9875,901
9876,901
9877,201
9878,201
9879,201
9880,901
9881,301
9882,401
9883,401
9884,701
9885,801
9886,101
9887,701
9888,901
9889,901
9890,401
9891,501
9892,801
9893,701
9894,901
9895,801
9896,801
9897,201
9898,101
9899,201
9900,801
9901,901
9902,501
9903,101
9904,201
9905,301
9906,1001
9907,501
9908,601
9909,701
9910,801
9911,901
9912,101
9913,201
9914,301
9915,401
9916,501
9917,1001
9918,901
9919,1001
9920,801
9921,901
9922,701
9923,501
9924,201
9925,1001
9926,301
9927,901
9928,501
9929,501
9930,801
9931,101
9932,201
9933,1001
9934,301
9935,901
9936,801
9937,901
9938,301
9939,701
9940,101
9941,101
9942,701
9943,401
9944,901
9945,1001
9946,1001
9947,201
9948,501
9949,101
9950,701
9951,201
9952,101
9953,101
9954,101
9955,301
9956,201
9957,201
9958,801
9959,801
9960,901
9961,501
9962,701
9963,101
9964,801
9965,101
9966,401
9967,701
9968,901
9969,801
9970,201
9971,401
9972,301
9973,501
9974,1001
9975,501
9976,301
9977,701
9978,501
9979,201
9980,801
9981,401
9982,701
9983,701
9984,101
9985,201
9986,301
9987,901
9988,501
9989,601
9990,701
9991,801
9992,901
9993,1001
9994,101
9995,201
9996,301
9997,401
9998,501
9999,601
10000,701
